hour,demand
0,6.58
1,7.34
2,6.53
3,6.73
4,9.6
5,11.68
6,12.38
7,13.8
8,17.15
9,19.3
10,19.36
11,22.58
12,22.49
13,22.62
14,22.76
15,20.25
16,20.52
17,18.23
18,16.92
19,12.07
20,13.47
21,10.96
22,10.53
23,7.97
0,6.68
1,7.14
2,8.19
3,6.69
4,9.99
5,11.74
6,11.81
7,13.17
8,17.85
9,19.08
10,21.46
11,20.93
12,21.16
13,22.34
14,19.95
15,22.56
16,21.26
17,19.3
18,16.27
19,15.2
20,14.23
21,11.11
22,8.08
23,9.2
0,5.85
1,7.55
2,7.58
3,10.76
4,12.46
5,11.5
6,15.22
7,14.16
8,17.92
9,19.58
10,19.91
11,21.46
12,22.83
13,24.65
14,22.58
15,24.97
16,22.91
17,18.28
18,17.53
19,15.07
20,13.56
21,10.94
22,9.68
23,4.94
0,7.87
1,7.52
2,6.44
3,7.02
4,11.54
5,12.94
6,12.87
7,17.13
8,15.74
9,16.87
10,20.64
11,24.0
12,23.66
13,22.39
14,23.29
15,19.28
16,20.61
17,18.25
18,17.72
19,16.39
20,11.56
21,11.57
22,9.52
23,9.14
0,8.32
1,7.25
2,6.22
3,8.46
4,10.99
5,10.16
6,13.76
7,15.66
8,18.79
9,17.07
10,22.1
11,21.14
12,23.59
13,22.5
14,22.83
15,21.36
16,21.35
17,19.05
18,18.12
19,16.19
20,12.93
21,12.32
22,8.17
23,8.6
0,7.74
1,8.04
2,7.11
3,6.47
4,10.56
5,11.14
6,11.5
7,15.31
8,15.73
9,19.57
10,20.88
11,22.03
12,21.73
13,23.69
14,22.76
15,23.1
16,18.6
17,18.05
18,16.76
19,12.55
20,13.02
21,11.63
22,7.23
23,7.11
0,6.2
1,9.19
2,8.55
3,7.8
4,8.13
5,11.83
6,13.52
7,15.33
8,17.14
9,17.82
10,20.61
11,21.24
12,22.52
13,23.77
14,22.19
15,21.78
16,21.48
17,18.18
18,18.25
19,15.52
20,12.86
21,9.79
22,9.5
23,8.08
0,7.24
1,6.64
2,7.61
3,7.31
4,10.11
5,10.45
6,14.07
7,14.02
8,17.01
9,19.08
10,19.67
11,23.07
12,25.28
13,22.31
14,22.94
15,21.43
16,18.57
17,19.71
18,17.37
19,13.7
20,12.34
21,10.22
22,9.44
23,7.38
0,7.94
1,5.66
2,5.76
3,6.76
4,8.84
5,12.78
6,13.58
7,16.77
8,17.6
9,21.6
10,20.79
11,23.88
12,23.64
13,22.52
14,22.14
15,24.08
16,21.24
17,18.56
18,18.68
19,14.22
20,14.34
21,10.77
22,10.82
23,7.39
0,6.87
1,9.58
2,6.36
3,7.43
4,8.62
5,10.26
6,13.59
7,14.37
8,16.38
9,18.52
10,20.88
11,21.76
12,25.4
13,21.51
14,25.3
15,20.93
16,21.12
17,21.03
18,16.66
19,16.29
20,12.97
21,10.21
22,9.16
23,8.73
0,6.22
1,6.29
2,7.77
3,8.54
4,8.38
5,11.26
6,13.28
7,15.6
8,17.06
9,19.16
10,20.08
11,23.1
12,24.47
13,22.71
14,24.41
15,20.55
16,21.19
17,19.07
18,15.97
19,13.18
20,13.95
21,9.62
22,7.76
23,5.24
0,8.95
1,5.85
2,5.97
3,8.73
4,11.12
5,10.85
6,11.86
7,15.82
8,17.45
9,17.86
10,18.29
11,23.22
12,24.45
13,23.89
14,22.96
15,21.88
16,20.96
17,18.81
18,17.64
19,16.59
20,11.85
21,10.98
22,7.7
23,9.94
0,5.77
1,5.88
2,7.68
3,7.79
4,8.39
5,12.78
6,12.94
7,15.78
8,16.67
9,19.82
10,20.96
11,20.62
12,23.23
13,25.62
14,23.94
15,21.4
16,21.47
17,18.14
18,16.91
19,14.75
20,12.91
21,11.0
22,8.04
23,11.06
0,6.71
1,6.11
2,8.12
3,7.29
4,8.75
5,11.51
6,14.34
7,13.69
8,15.33
9,18.03
10,20.85
11,21.8
12,22.73
13,23.72
14,22.39
15,22.3
16,21.05
17,19.84
18,16.12
19,15.94
20,12.12
21,12.31
22,8.98
23,8.86
0,6.64
1,7.38
2,10.43
3,5.95
4,9.49
5,11.49
6,13.4
7,15.59
8,16.45
9,19.71
10,19.79
11,22.24
12,21.81
13,22.0
14,24.54
15,23.09
16,20.0
17,19.67
18,17.93
19,15.88
20,14.04
21,11.28
22,8.93
23,6.76
0,6.75
1,9.06
2,8.48
3,9.08
4,9.22
5,11.94
6,14.07
7,15.7
8,18.53
9,19.43
10,20.46
11,23.43
12,22.39
13,21.7
14,21.84
15,20.83
16,17.58
17,17.91
18,16.68
19,13.31
20,15.53
21,9.73
22,10.06
23,7.67
0,7.83
1,5.44
2,6.58
3,8.78
4,8.27
5,12.17
6,12.98
7,14.17
8,16.0
9,21.55
10,20.26
11,21.84
12,23.79
13,20.78
14,24.02
15,21.98
16,18.71
17,19.76
18,16.89
19,14.93
20,11.92
21,11.31
22,9.04
23,9.23
0,4.93
1,7.81
2,6.45
3,7.99
4,8.23
5,10.45
6,12.09
7,12.45
8,19.23
9,19.8
10,20.08
11,20.85
12,22.73
13,21.74
14,24.01
15,22.06
16,20.96
17,20.76
18,15.24
19,16.44
20,14.07
21,10.89
22,10.01
23,7.42
0,8.07
1,7.25
2,4.72
3,6.13
4,9.3
5,8.88
6,11.93
7,12.79
8,17.33
9,19.16
10,19.8
11,21.2
12,21.53
13,24.88
14,24.5
15,21.13
16,18.79
17,18.62
18,17.7
19,13.3
20,11.48
21,13.43
22,8.26
23,7.34
0,8.13
1,7.33
2,5.82
3,8.33
4,10.02
5,12.03
6,14.26
7,14.68
8,16.65
9,19.68
10,20.63
11,21.41
12,20.08
13,23.37
14,22.72
15,22.52
16,23.45
17,17.13
18,15.97
19,14.33
20,12.12
21,10.56
22,12.23
23,8.39
0,5.82
1,8.32
2,7.95
3,10.13
4,10.1
5,11.49
6,13.35
7,13.91
8,18.42
9,18.06
10,18.99
11,23.14
12,23.01
13,24.37
14,21.79
15,18.71
16,22.04
17,18.68
18,16.91
19,13.37
20,15.88
21,10.81
22,6.77
23,8.74
0,8.41
1,9.31
2,6.71
3,8.43
4,8.5
5,11.33
6,12.37
7,16.73
8,16.83
9,17.43
10,22.19
11,23.18
12,23.25
13,20.43
14,21.8
15,21.17
16,21.59
17,19.04
18,19.55
19,16.77
20,14.27
21,10.38
22,8.85
23,9.32
0,5.59
1,5.97
2,6.83
3,6.97
4,10.22
5,10.39
6,13.19
7,16.79
8,16.22
9,17.91
10,20.68
11,20.79
12,23.67
13,23.89
14,23.6
15,23.85
16,24.05
17,17.79
18,15.36
19,13.85
20,11.86
21,11.58
22,10.17
23,6.98
0,7.35
1,6.49
2,7.5
3,8.69
4,10.68
5,12.37
6,13.56
7,13.68
8,17.43
9,18.86
10,20.08
11,22.95
12,23.97
13,23.57
14,24.36
15,21.61
16,22.24
17,19.42
18,16.12
19,14.61
20,10.91
21,10.94
22,9.02
23,7.57
0,8.78
1,8.57
2,5.3
3,8.64
4,10.49
5,13.59
6,9.56
7,15.21
8,18.82
9,16.98
10,19.08
11,21.28
12,23.94
13,22.98
14,22.29
15,21.5
16,19.98
17,16.65
18,16.5
19,12.8
20,12.11
21,9.3
22,9.05
23,6.87
0,6.59
1,8.97
2,6.67
3,7.52
4,7.31
5,10.84
6,13.9
7,15.86
8,17.03
9,21.01
10,20.51
11,22.87
12,21.92
13,21.24
14,23.7
15,22.67
16,20.95
17,19.79
18,16.8
19,15.11
20,14.89
21,10.15
22,8.35
23,5.89
0,6.75
1,6.62
2,6.89
3,8.36
4,9.98
5,10.48
6,11.0
7,16.81
8,17.58
9,20.54
10,21.08
11,19.97
12,21.56
13,21.77
14,23.2
15,20.56
16,19.91
17,19.31
18,16.81
19,16.21
20,13.64
21,12.36
22,10.3
23,9.65
0,6.36
1,7.86
2,7.2
3,7.39
4,9.86
5,8.88
6,11.91
7,14.34
8,17.42
9,19.52
10,19.84
11,19.7
12,23.12
13,21.83
14,21.03
15,24.07
16,22.47
17,20.23
18,18.12
19,14.6
20,13.41
21,10.44
22,7.95
23,7.15
0,6.25
1,8.15
2,7.15
3,9.6
4,9.73
5,10.57
6,13.61
7,14.38
8,18.32
9,19.18
10,23.0
11,22.64
12,21.71
13,22.65
14,22.05
15,21.53
16,21.32
17,20.68
18,17.38
19,13.89
20,13.63
21,9.48
22,8.95
23,6.54
0,6.71
1,8.1
2,6.5
3,7.41
4,8.39
5,10.47
6,12.06
7,15.95
8,16.44
9,19.23
10,21.15
11,24.74
12,21.38
13,23.9
14,21.54
15,22.64
16,18.73
17,18.89
18,17.14
19,15.72
20,12.82
21,9.31
22,9.26
23,8.48
0,6.64
1,6.26
2,8.13
3,8.85
4,8.09
5,11.34
6,15.39
7,15.7
8,17.26
9,19.26
10,19.82
11,23.2
12,22.27
13,21.97
14,24.22
15,21.14
16,21.3
17,20.15
18,16.53
19,15.11
20,13.32
21,11.14
22,8.91
23,7.12
0,7.48
1,6.64
2,6.85
3,8.15
4,8.86
5,8.86
6,12.42
7,17.48
8,16.36
9,19.33
10,20.35
11,21.49
12,22.8
13,24.25
14,20.78
15,23.8
16,20.35
17,17.71
18,16.37
19,16.73
20,13.14
21,8.87
22,8.83
23,9.06
0,7.69
1,6.82
2,5.61
3,9.49
4,8.45
5,9.49
6,13.49
7,16.53
8,15.18
9,18.78
10,18.87
11,24.59
12,22.78
13,22.88
14,25.45
15,22.59
16,20.79
17,18.77
18,17.35
19,13.07
20,13.41
21,12.29
22,6.5
23,7.93
0,7.8
1,5.65
2,8.15
3,8.74
4,9.69
5,12.04
6,15.73
7,16.72
8,17.95
9,20.75
10,20.8
11,21.89
12,24.79
13,25.52
14,22.35
15,22.54
16,20.69
17,19.45
18,17.3
19,14.08
20,13.08
21,10.41
22,12.09
23,7.29
0,6.69
1,6.94
2,10.03
3,4.07
4,9.9
5,13.51
6,13.36
7,15.09
8,18.18
9,16.57
10,21.15
11,23.51
12,22.13
13,22.15
14,20.97
15,21.88
16,20.2
17,19.36
18,16.84
19,14.95
20,13.54
21,11.25
22,8.97
23,9.38
0,8.65
1,8.52
2,7.07
3,8.28
4,10.16
5,9.33
6,11.33
7,12.95
8,16.74
9,19.6
10,21.08
11,21.49
12,21.0
13,24.73
14,22.88
15,22.81
16,19.49
17,21.29
18,17.06
19,15.93
20,11.76
21,12.18
22,10.13
23,8.23
0,7.66
1,5.88
2,5.77
3,10.17
4,9.92
5,9.64
6,13.87
7,13.15
8,17.73
9,19.41
10,21.14
11,23.16
12,21.23
13,23.06
14,23.83
15,21.93
16,19.34
17,18.91
18,16.84
19,12.44
20,11.64
21,10.77
22,10.78
23,9.39
0,7.36
1,8.29
2,7.69
3,8.49
4,8.44
5,10.02
6,12.19
7,15.83
8,16.66
9,20.25
10,23.46
11,20.36
12,22.74
13,23.24
14,22.8
15,18.39
16,22.46
17,19.82
18,15.7
19,15.34
20,13.68
21,9.95
22,11.1
23,9.1
0,7.46
1,8.7
2,6.46
3,7.28
4,9.59
5,10.08
6,14.41
7,14.56
8,16.42
9,17.74
10,20.22
11,21.42
12,22.62
13,21.8
14,22.42
15,20.23
16,19.66
17,19.61
18,18.6
19,14.62
20,13.19
21,9.86
22,8.63
23,7.78
0,7.82
1,6.38
2,7.52
3,10.86
4,8.46
5,11.21
6,13.85
7,14.48
8,16.87
9,18.69
10,18.68
11,20.8
12,24.11
13,21.08
14,24.05
15,20.4
16,20.16
17,18.58
18,17.81
19,14.09
20,11.61
21,10.82
22,10.09
23,6.12
0,5.03
1,7.4
2,5.8
3,8.43
4,8.27
5,11.34
6,13.52
7,13.53
8,17.88
9,20.62
10,22.34
11,23.41
12,24.14
13,25.2
14,22.94
15,22.49
16,25.82
17,17.36
18,19.1
19,13.94
20,14.18
21,13.05
22,8.18
23,8.7
0,5.59
1,5.54
2,9.67
3,5.5
4,10.46
5,10.85
6,13.68
7,15.48
8,18.03
9,20.86
10,20.35
11,22.03
12,23.8
13,22.99
14,22.67
15,20.85
16,19.85
17,20.73
18,18.08
19,12.86
20,11.87
21,12.08
22,10.17
23,8.04
0,6.96
1,6.39
2,7.74
3,6.83
4,8.45
5,10.17
6,12.47
7,15.12
8,18.16
9,19.55
10,19.15
11,22.83
12,21.9
13,23.23
14,23.19
15,19.92
16,21.3
17,18.73
18,18.34
19,16.5
20,12.07
21,12.22
22,9.87
23,8.58
0,9.04
1,4.82
2,5.5
3,8.25
4,9.71
5,11.14
6,13.35
7,15.65
8,17.12
9,17.88
10,21.43
11,23.24
12,23.66
13,25.2
14,21.83
15,22.71
16,20.86
17,19.12
18,16.58
19,14.24
20,10.31
21,10.72
22,8.04
23,8.77
0,9.04
1,6.3
2,4.28
3,8.02
4,8.54
5,12.73
6,13.35
7,13.41
8,16.38
9,19.45
10,21.48
11,21.31
12,24.11
13,21.87
14,22.07
15,23.46
16,21.14
17,18.87
18,17.98
19,13.69
20,10.73
21,10.76
22,9.17
23,8.73
0,7.0
1,8.97
2,8.0
3,6.96
4,8.46
5,12.59
6,12.93
7,16.51
8,15.64
9,18.21
10,21.99
11,21.93
12,23.56
13,24.55
14,22.81
15,22.75
16,21.15
17,19.5
18,19.47
19,16.39
20,11.86
21,11.99
22,10.75
23,5.55
0,6.49
1,6.19
2,7.79
3,9.38
4,7.86
5,12.82
6,13.07
7,14.91
8,15.4
9,18.68
10,21.97
11,21.55
12,23.15
13,23.94
14,21.11
15,19.37
16,20.7
17,17.0
18,18.5
19,13.84
20,12.9
21,11.46
22,8.19
23,6.45
0,7.59
1,3.81
2,6.18
3,7.97
4,9.48
5,11.49
6,13.44
7,16.44
8,15.44
9,18.07
10,17.26
11,23.3
12,22.86
13,22.91
14,23.14
15,22.49
16,20.46
17,17.88
18,16.88
19,15.26
20,11.97
21,11.9
22,11.01
23,8.22
0,7.45
1,5.8
2,5.68
3,9.63
4,8.81
5,12.4
6,13.26
7,12.72
8,16.09
9,19.31
10,19.94
11,21.38
12,22.94
13,22.62
14,22.61
15,22.43
16,22.17
17,18.59
18,17.39
19,16.01
20,13.56
21,9.47
22,9.33
23,6.64
0,7.46
1,8.02
2,6.95
3,6.23
4,7.16
5,10.53
6,11.48
7,14.97
8,17.39
9,17.75
10,21.21
11,20.65
12,24.12
13,20.4
14,23.03
15,24.72
16,21.45
17,19.17
18,16.24
19,17.02
20,14.75
21,10.23
22,9.29
23,8.17
0,6.68
1,7.12
2,7.86
3,8.54
4,10.55
5,10.36
6,12.85
7,14.88
8,16.25
9,18.93
10,19.84
11,21.13
12,24.17
13,22.4
14,21.95
15,20.36
16,19.33
17,20.16
18,15.63
19,15.93
20,12.88
21,11.8
22,10.56
23,8.29
0,7.85
1,7.6
2,7.26
3,7.55
4,11.68
5,9.43
6,13.86
7,15.81
8,16.97
9,18.84
10,20.93
11,22.33
12,22.53
13,22.61
14,20.97
15,24.07
16,19.75
17,19.85
18,15.12
19,13.68
20,12.93
21,13.36
22,9.25
23,8.9
0,8.62
1,5.57
2,11.12
3,7.28
4,12.08
5,9.44
6,14.05
7,15.08
8,14.92
9,19.78
10,18.54
11,23.15
12,24.24
13,26.51
14,23.12
15,21.05
16,21.98
17,16.45
18,19.34
19,14.41
20,12.51
21,9.29
22,8.99
23,5.97
0,6.68
1,7.46
2,8.72
3,8.31
4,9.85
5,11.99
6,11.89
7,14.07
8,15.98
9,19.53
10,20.26
11,21.75
12,20.77
13,23.69
14,22.81
15,21.02
16,21.23
17,18.34
18,16.42
19,12.94
20,10.81
21,10.36
22,6.17
23,7.54
0,7.42
1,5.05
2,9.04
3,9.27
4,11.11
5,12.82
6,13.63
7,15.03
8,17.73
9,18.15
10,18.58
11,22.12
12,22.06
13,22.83
14,21.81
15,20.26
16,21.82
17,20.16
18,17.21
19,15.56
20,12.93
21,9.22
22,7.74
23,6.62
0,5.69
1,6.34
2,5.81
3,7.97
4,10.63
5,11.57
6,12.61
7,15.36
8,15.85
9,16.87
10,20.69
11,20.8
12,21.96
13,23.8
14,23.06
15,20.2
16,20.33
17,18.29
18,19.3
19,14.95
20,13.18
21,10.77
22,8.44
23,9.2
0,8.11
1,7.67
2,7.11
3,8.33
4,9.96
5,11.11
6,12.82
7,15.25
8,17.48
9,19.47
10,20.45
11,22.08
12,22.07
13,22.34
14,22.65
15,24.21
16,22.33
17,18.29
18,18.33
19,15.66
20,13.29
21,10.8
22,8.99
23,7.31
0,6.17
1,6.57
2,7.25
3,7.31
4,9.02
5,11.62
6,11.9
7,14.03
8,15.75
9,19.8
10,21.53
11,22.49
12,22.0
13,24.04
14,22.53
15,23.31
16,21.39
17,19.34
18,16.73
19,12.58
20,12.44
21,10.62
22,9.21
23,9.05
0,9.25
1,7.77
2,8.31
3,9.43
4,9.95
5,8.18
6,12.23
7,14.67
8,18.52
9,18.83
10,18.7
11,22.89
12,23.1
13,23.39
14,23.02
15,19.24
16,21.08
17,16.9
18,17.0
19,15.02
20,13.21
21,11.36
22,8.1
23,8.96
0,8.45
1,6.46
2,6.16
3,6.4
4,8.01
5,11.13
6,12.44
7,15.14
8,16.37
9,17.65
10,22.38
11,21.99
12,21.71
13,21.95
14,23.65
15,21.81
16,20.78
17,18.38
18,17.41
19,14.87
20,12.82
21,10.77
22,10.69
23,7.0
0,8.15
1,9.67
2,10.6
3,8.79
4,8.4
5,12.55
6,11.53
7,15.06
8,16.45
9,18.71
10,21.65
11,23.5
12,21.93
13,21.73
14,21.74
15,22.22
16,20.91
17,18.48
18,18.07
19,15.27
20,10.44
21,9.55
22,6.13
23,7.31
0,4.67
1,6.53
2,7.09
3,10.14
4,10.74
5,11.25
6,12.71
7,15.01
8,15.2
9,20.49
10,20.34
11,22.89
12,23.54
13,22.27
14,23.73
15,20.98
16,18.8
17,16.96
18,15.39
19,17.63
20,12.4
21,11.06
22,7.38
23,7.24
0,9.08
1,9.4
2,6.2
3,6.74
4,10.15
5,10.41
6,11.18
7,14.37
8,16.72
9,20.6
10,21.21
11,21.84
12,22.54
13,22.87
14,23.08
15,24.48
16,20.31
17,19.83
18,17.13
19,14.75
20,13.66
21,10.58
22,10.35
23,7.83
0,8.11
1,5.09
2,8.87
3,8.43
4,8.92
5,10.29
6,12.72
7,14.05
8,17.42
9,19.21
10,19.86
11,23.04
12,21.46
13,24.1
14,21.1
15,22.38
16,21.86
17,20.97
18,18.36
19,14.62
20,11.39
21,10.44
22,9.37
23,7.23
0,8.15
1,6.8
2,6.48
3,6.83
4,10.52
5,10.75
6,11.09
7,15.93
8,18.54
9,18.75
10,19.38
11,22.7
12,22.34
13,21.75
14,22.96
15,21.33
16,19.32
17,20.41
18,17.53
19,12.93
20,12.36
21,10.54
22,11.6
23,6.03
0,9.12
1,7.83
2,7.43
3,9.03
4,10.16
5,8.9
6,11.91
7,14.27
8,15.54
9,18.19
10,21.03
11,23.05
12,18.93
13,23.12
14,24.5
15,21.42
16,20.01
17,20.78
18,16.71
19,16.57
20,12.39
21,11.57
22,9.93
23,9.15
0,10.35
1,6.7
2,6.61
3,9.33
4,10.6
5,12.62
6,12.58
7,15.22
8,15.19
9,17.44
10,20.46
11,20.64
12,23.94
13,23.47
14,21.49
15,23.24
16,20.25
17,20.3
18,17.52
19,14.09
20,13.17
21,9.84
22,9.19
23,8.02
0,5.4
1,7.62
2,7.56
3,9.02
4,9.57
5,10.49
6,12.5
7,14.28
8,16.3
9,18.28
10,22.2
11,22.89
12,20.49
13,22.65
14,22.81
15,21.92
16,20.07
17,18.67
18,15.91
19,16.0
20,14.03
21,8.58
22,8.63
23,8.47
0,7.94
1,8.02
2,8.81
3,9.37
4,9.63
5,9.7
6,13.04
7,12.09
8,17.37
9,18.42
10,21.46
11,22.19
12,23.73
13,23.32
14,23.38
15,21.45
16,20.52
17,16.46
18,16.08
19,15.58
20,13.64
21,11.1
22,10.92
23,7.05
0,7.39
1,6.68
2,7.21
3,6.43
4,8.57
5,10.78
6,14.9
7,15.73
8,17.46
9,19.49
10,18.24
11,20.37
12,21.27
13,23.89
14,22.81
15,22.51
16,19.46
17,19.03
18,19.15
19,16.27
20,14.73
21,10.18
22,9.44
23,9.12
0,5.28
1,6.79
2,6.16
3,8.55
4,7.18
5,11.6
6,12.82
7,16.51
8,16.08
9,19.73
10,20.17
11,23.27
12,21.14
13,23.08
14,21.06
15,20.89
16,20.36
17,19.54
18,16.0
19,15.37
20,13.02
21,9.15
22,9.56
23,7.66
0,6.16
1,6.87
2,6.69
3,7.27
4,6.75
5,13.25
6,12.36
7,13.89
8,17.61
9,19.3
10,17.94
11,22.33
12,22.28
13,22.51
14,22.59
15,22.66
16,18.98
17,18.0
18,16.29
19,13.59
20,11.64
21,11.4
22,11.57
23,9.61
0,7.74
1,8.09
2,8.67
3,8.09
4,9.28
5,10.31
6,12.72
7,15.26
8,16.36
9,20.6
10,20.52
11,23.59
12,22.65
13,23.79
14,21.99
15,22.4
16,19.8
17,18.69
18,17.73
19,13.12
20,13.95
21,14.37
22,9.66
23,7.6
0,6.77
1,7.14
2,5.32
3,8.37
4,7.73
5,12.08
6,12.74
7,16.87
8,16.31
9,18.82
10,19.54
11,23.6
12,23.03
13,22.43
14,22.35
15,20.85
16,21.27
17,18.07
18,18.18
19,13.79
20,12.45
21,10.59
22,7.81
23,8.05
0,6.83
1,7.97
2,5.86
3,8.36
4,8.92
5,10.99
6,13.41
7,15.62
8,16.07
9,18.51
10,21.26
11,22.0
12,22.52
13,22.95
14,22.93
15,20.49
16,21.1
17,19.82
18,17.59
19,15.49
20,12.87
21,11.14
22,9.47
23,9.02
0,8.76
1,7.13
2,9.1
3,10.24
4,8.63
5,9.77
6,11.88
7,15.41
8,14.67
9,18.38
10,20.39
11,20.41
12,18.69
13,23.0
14,21.67
15,22.06
16,20.16
17,21.33
18,18.72
19,13.88
20,13.43
21,12.06
22,10.57
23,8.15
0,7.97
1,8.56
2,5.85
3,7.2
4,9.59
5,10.47
6,13.66
7,13.44
8,15.85
9,17.23
10,19.49
11,21.55
12,21.16
13,25.26
14,23.59
15,22.45
16,19.71
17,18.51
18,17.22
19,14.76
20,13.37
21,12.21
22,10.58
23,6.27
0,7.77
1,6.76
2,7.68
3,8.62
4,11.38
5,12.26
6,11.62
7,14.87
8,17.41
9,17.12
10,22.09
11,21.93
12,24.31
13,23.91
14,24.39
15,19.93
16,20.62
17,20.83
18,17.94
19,12.63
20,11.95
21,9.42
22,7.46
23,8.19
0,8.05
1,5.36
2,6.67
3,9.22
4,8.74
5,10.59
6,10.58
7,13.49
8,18.36
9,16.69
10,19.64
11,22.1
12,21.14
13,22.49
14,23.12
15,24.41
16,19.95
17,18.24
18,18.26
19,17.46
20,13.73
21,12.91
22,10.52
23,7.69
0,8.43
1,9.55
2,7.55
3,6.86
4,11.05
5,8.37
6,11.39
7,16.9
8,17.83
9,20.13
10,21.31
11,22.63
12,22.43
13,23.6
14,20.42
15,22.08
16,19.44
17,20.73
18,18.37
19,18.0
20,12.82
21,10.99
22,6.82
23,7.93
0,6.86
1,6.62
2,9.07
3,8.08
4,10.39
5,11.48
6,13.09
7,14.48
8,14.74
9,19.26
10,21.03
11,22.27
12,22.15
13,23.25
14,21.7
15,20.47
16,20.25
17,19.11
18,14.81
19,13.58
20,15.27
21,10.0
22,10.37
23,6.56
0,8.39
1,7.81
2,6.49
3,8.45
4,8.54
5,12.31
6,13.94
7,15.45
8,17.49
9,18.06
10,21.45
11,22.48
12,24.72
13,21.87
14,22.09
15,21.34
16,20.91
17,19.89
18,16.62
19,12.32
20,13.66
21,11.66
22,9.18
23,7.75
0,6.9
1,6.25
2,6.57
3,7.7
4,10.4
5,9.7
6,13.24
7,14.15
8,18.42
9,17.83
10,20.19
11,18.61
12,21.51
13,22.27
14,23.89
15,21.93
16,18.75
17,18.52
18,15.18
19,12.85
20,14.02
21,13.0
22,8.76
23,8.84
0,6.57
1,9.8
2,5.91
3,8.39
4,7.84
5,9.34
6,12.46
7,15.58
8,15.64
9,19.56
10,20.08
11,20.95
12,23.75
13,22.18
14,21.61
15,20.4
16,18.79
17,20.41
18,17.67
19,13.95
20,12.27
21,10.14
22,8.21
23,11.06
0,7.7
1,8.64
2,8.27
3,11.26
4,8.76
5,10.8
6,13.31
7,15.96
8,16.19
9,19.94
10,19.73
11,21.77
12,24.05
13,20.72
14,25.66
15,21.94
16,17.94
17,19.39
18,18.17
19,15.59
20,14.09
21,10.67
22,8.1
23,7.54
0,7.18
1,7.77
2,7.61
3,9.17
4,6.23
5,11.61
6,12.4
7,17.21
8,16.14
9,19.72
10,21.22
11,24.03
12,22.1
13,24.77
14,23.48
15,21.34
16,20.91
17,17.9
18,17.57
19,16.18
20,11.22
21,10.91
22,9.5
23,6.62
0,9.92
1,6.88
2,6.43
3,9.12
4,9.96
5,12.74
6,15.77
7,17.03
8,17.88
9,18.62
10,20.42
11,21.39
12,21.8
13,21.37
14,21.25
15,20.66
16,19.04
17,17.42
18,16.45
19,14.03
20,12.36
21,11.26
22,8.2
23,8.93
0,4.82
1,9.29
2,6.05
3,9.12
4,9.92
5,12.67
6,13.18
7,14.92
8,16.51
9,20.17
10,19.8
11,23.92
12,22.1
13,21.51
14,24.17
15,22.37
16,20.69
17,19.62
18,19.69
19,14.11
20,14.53
21,11.9
22,10.17
23,8.6
0,5.84
1,5.68
2,9.12
3,8.63
4,10.26
5,11.92
6,13.58
7,16.73
8,15.78
9,19.25
10,18.58
11,21.94
12,23.6
13,21.56
14,21.84
15,23.35
16,19.94
17,17.84
18,17.38
19,14.82
20,10.11
21,8.94
22,9.88
23,7.5
0,7.99
1,8.25
2,7.05
3,8.71
4,9.4
5,11.48
6,11.96
7,14.21
8,15.79
9,17.12
10,20.64
11,20.89
12,22.83
13,23.96
14,21.64
15,20.23
16,19.83
17,20.09
18,17.59
19,16.49
20,14.4
21,12.51
22,8.95
23,9.79
0,8.06
1,6.32
2,8.46
3,8.79
4,9.31
5,9.25
6,11.64
7,15.02
8,17.23
9,18.77
10,19.22
11,21.68
12,21.33
13,23.34
14,23.11
15,24.41
16,21.93
17,18.76
18,17.96
19,16.22
20,13.89
21,10.78
22,9.16
23,8.02
0,5.64
1,8.35
2,6.96
3,7.97
4,6.88
5,12.95
6,12.49
7,16.96
8,15.83
9,18.52
10,19.95
11,21.47
12,20.69
13,23.6
14,22.05
15,22.01
16,20.46
17,17.45
18,17.86
19,15.39
20,11.39
21,10.05
22,9.23
23,9.66
0,6.14
1,5.63
2,7.29
3,7.17
4,8.76
5,11.22
6,13.9
7,15.32
8,16.43
9,19.67
10,19.71
11,21.48
12,21.44
13,23.35
14,24.58
15,21.46
16,20.15
17,19.21
18,16.09
19,14.35
20,12.82
21,12.86
22,9.41
23,7.86
0,6.85
1,8.05
2,5.5
3,7.54
4,10.42
5,11.87
6,14.77
7,14.22
8,15.95
9,18.63
10,19.6
11,22.62
12,23.73
13,23.66
14,22.32
15,21.8
16,22.1
17,20.69
18,16.15
19,16.68
20,14.46
21,12.4
22,9.06
23,5.93
0,8.04
1,4.02
2,8.12
3,7.14
4,5.88
5,12.19
6,11.36
7,12.22
8,17.4
9,17.1
10,22.25
11,22.11
12,23.75
13,23.09
14,21.71
15,22.38
16,22.26
17,19.36
18,17.54
19,17.66
20,10.8
21,12.04
22,10.73
23,9.14
0,7.78
1,8.81
2,7.33
3,8.56
4,8.67
5,13.99
6,13.01
7,13.35
8,18.77
9,18.7
10,19.82
11,20.93
12,19.31
13,25.21
14,24.76
15,20.85
16,18.52
17,19.65
18,17.65
19,15.92
20,12.45
21,10.64
22,8.03
23,8.09
0,5.39
1,6.29
2,7.37
3,8.46
4,8.76
5,10.95
6,12.77
7,13.41
8,18.63
9,19.28
10,24.27
11,21.3
12,20.64
13,22.92
14,23.64
15,22.02
16,21.36
17,18.59
18,18.7
19,16.26
20,12.06
21,11.64
22,7.8
23,7.87
0,8.69
1,5.98
2,8.19
3,7.61
4,9.3
5,11.93
6,13.55
7,15.48
8,14.88
9,19.61
10,19.97
11,24.73
12,22.45
13,23.07
14,22.08
15,20.82
16,22.97
17,19.38
18,15.63
19,17.22
20,14.09
21,13.96
22,9.25
23,7.28
0,6.96
1,6.47
2,10.29
3,8.16
4,9.14
5,11.35
6,12.9
7,15.86
8,16.69
9,19.13
10,20.51
11,20.76
12,23.05
13,24.42
14,23.75
15,21.98
16,20.83
17,20.2
18,17.62
19,15.2
20,14.45
21,11.67
22,10.58
23,8.9
0,5.96
1,5.72
2,7.85
3,6.39
4,7.77
5,11.94
6,13.8
7,12.66
8,16.05
9,17.56
10,21.31
11,20.27
12,24.23
13,22.18
14,23.11
15,21.16
16,20.7
17,19.32
18,18.11
19,14.6
20,14.41
21,9.94
22,10.08
23,9.63
0,7.51
1,8.16
2,7.49
3,6.9
4,9.91
5,12.89
6,13.98
7,14.74
8,18.86
9,19.56
10,21.96
11,22.04
12,22.4
13,24.24
14,20.93
15,25.18
16,21.9
17,20.73
18,15.47
19,15.98
20,13.42
21,10.59
22,9.75
23,7.52
0,8.0
1,6.93
2,5.96
3,6.89
4,8.03
5,10.83
6,11.43
7,14.21
8,18.78
9,20.28
10,20.86
11,22.45
12,23.46
13,21.76
14,24.99
15,21.79
16,19.87
17,16.37
18,18.24
19,16.81
20,12.78
21,8.79
22,6.88
23,9.11
0,7.96
1,6.66
2,6.76
3,6.67
4,9.93
5,10.03
6,12.35
7,14.94
8,19.78
9,19.35
10,20.9
11,23.79
12,22.59
13,23.83
14,20.64
15,20.89
16,22.88
17,20.62
18,18.81
19,15.78
20,13.9
21,8.97
22,9.37
23,7.62
0,6.28
1,7.74
2,7.24
3,6.41
4,7.3
5,11.98
6,13.35
7,15.1
8,18.35
9,19.5
10,20.55
11,23.11
12,23.58
13,22.59
14,23.46
15,23.49
16,19.22
17,17.19
18,17.89
19,13.37
20,13.47
21,10.45
22,10.19
23,7.13
0,7.02
1,6.57
2,6.56
3,8.05
4,8.27
5,11.95
6,13.54
7,16.63
8,16.2
9,19.83
10,20.2
11,23.34
12,21.18
13,23.34
14,22.95
15,24.8
16,22.25
17,21.28
18,16.81
19,17.64
20,12.08
21,10.17
22,9.52
23,5.65
0,8.82
1,6.36
2,9.48
3,7.59
4,8.5
5,11.02
6,12.66
7,15.56
8,17.12
9,19.93
10,19.56
11,21.74
12,20.37
13,23.66
14,23.49
15,23.18
16,18.12
17,19.37
18,16.92
19,13.27
20,12.04
21,9.74
22,11.72
23,8.68
0,7.08
1,8.46
2,7.27
3,7.69
4,7.76
5,10.39
6,10.36
7,16.05
8,16.58
9,21.07
10,17.41
11,21.57
12,23.03
13,23.55
14,23.83
15,19.92
16,21.09
17,18.64
18,18.08
19,11.65
20,13.48
21,10.38
22,7.78
23,7.09
0,6.97
1,5.24
2,6.32
3,10.17
4,8.35
5,10.01
6,14.09
7,14.54
8,17.55
9,19.7
10,21.03
11,20.81
12,22.32
13,21.21
14,23.06
15,24.08
16,21.33
17,19.48
18,17.06
19,14.95
20,12.8
21,9.99
22,8.9
23,7.31
0,5.79
1,6.36
2,7.67
3,10.15
4,8.92
5,9.44
6,11.41
7,14.74
8,17.61
9,18.39
10,20.11
11,22.07
12,23.05
13,23.55
14,23.76
15,21.36
16,21.23
17,20.7
18,18.48
19,13.16
20,13.08
21,9.82
22,9.79
23,7.95
0,9.87
1,6.08
2,8.51
3,6.77
4,10.18
5,10.9
6,11.9
7,12.78
8,16.86
9,22.08
10,21.93
11,21.59
12,23.08
13,23.59
14,23.14
15,23.59
16,21.44
17,19.07
18,17.66
19,14.35
20,12.15
21,11.16
22,9.02
23,8.03
0,6.59
1,6.55
2,6.64
3,6.49
4,10.24
5,10.6
6,11.76
7,14.1
8,15.96
9,20.51
10,21.03
11,24.3
12,21.96
13,22.61
14,22.02
15,21.0
16,21.55
17,19.77
18,17.28
19,12.82
20,12.5
21,9.52
22,9.7
23,7.32
0,6.66
1,7.2
2,7.19
3,8.58
4,8.96
5,13.07
6,13.33
7,14.76
8,15.33
9,17.84
10,21.29
11,18.41
12,24.63
13,20.98
14,22.88
15,21.5
16,19.92
17,19.29
18,16.8
19,14.34
20,15.39
21,10.78
22,7.11
23,9.39
0,6.75
1,8.15
2,5.66
3,7.41
4,9.08
5,10.32
6,11.58
7,15.37
8,16.74
9,17.69
10,19.28
11,23.31
12,21.27
13,22.36
14,23.46
15,22.5
16,21.44
17,18.43
18,15.19
19,15.19
20,14.31
21,12.22
22,8.51
23,7.33
0,7.29
1,8.42
2,7.84
3,7.67
4,10.15
5,12.06
6,12.8
7,15.45
8,16.5
9,17.71
10,20.56
11,20.63
12,23.4
13,23.51
14,22.98
15,22.1
16,20.52
17,18.55
18,18.42
19,15.05
20,11.84
21,11.39
22,6.92
23,9.94
0,7.09
1,11.41
2,6.99
3,9.28
4,9.67
5,12.39
6,14.0
7,16.24
8,16.29
9,19.21
10,18.59
11,22.14
12,22.99
13,22.83
14,24.83
15,22.24
16,21.71
17,18.56
18,17.33
19,17.09
20,11.62
21,11.11
22,11.47
23,9.39
0,6.92
1,7.73
2,8.25
3,7.62
4,8.82
5,11.65
6,12.57
7,14.9
8,18.77
9,21.01
10,19.95
11,20.81
12,21.77
13,20.73
14,21.63
15,24.1
16,19.86
17,19.95
18,15.07
19,15.85
20,12.64
21,11.91
22,9.89
23,6.38
0,10.99
1,8.28
2,6.91
3,8.82
4,9.55
5,11.11
6,14.08
7,17.33
8,18.28
9,19.27
10,21.45
11,21.99
12,20.66
13,22.54
14,23.42
15,22.95
16,17.78
17,20.59
18,15.03
19,12.36
20,12.53
21,11.83
22,8.2
23,8.3
0,7.47
1,4.76
2,5.45
3,7.86
4,9.41
5,11.44
6,11.61
7,14.17
8,17.68
9,17.2
10,19.18
11,20.7
12,23.46
13,22.1
14,23.19
15,22.12
16,21.5
17,19.23
18,16.78
19,11.5
20,13.36
21,11.91
22,8.21
23,6.95
0,7.63
1,6.9
2,8.7
3,8.76
4,10.84
5,11.24
6,12.99
7,17.04
8,19.19
9,21.35
10,20.31
11,20.84
12,24.04
13,23.93
14,22.64
15,21.51
16,20.21
17,16.49
18,16.5
19,14.68
20,9.99
21,10.06
22,9.96
23,5.64
0,7.77
1,7.9
2,6.69
3,7.63
4,7.68
5,13.27
6,13.71
7,13.54
8,18.31
9,18.0
10,19.59
11,23.44
12,21.23
13,21.37
14,22.66
15,24.16
16,20.97
17,18.33
18,16.97
19,14.64
20,11.46
21,9.4
22,8.99
23,9.28
0,8.28
1,6.26
2,7.29
3,8.53
4,7.27
5,10.51
6,11.52
7,14.36
8,16.61
9,17.76
10,21.03
11,22.79
12,22.54
13,23.26
14,22.55
15,20.15
16,20.89
17,18.24
18,15.26
19,15.2
20,12.51
21,10.47
22,8.94
23,7.09
0,6.8
1,5.94
2,7.83
3,6.57
4,9.74
5,12.55
6,13.56
7,13.68
8,18.21
9,15.48
10,21.21
11,22.75
12,20.97
13,21.72
14,21.1
15,21.86
16,22.19
17,18.67
18,18.44
19,16.7
20,11.85
21,11.25
22,9.71
23,6.21
0,6.8
1,6.01
2,7.71
3,9.12
4,8.82
5,11.36
6,12.99
7,14.06
8,16.85
9,16.01
10,21.26
11,20.39
12,23.19
13,23.31
14,21.06
15,21.53
16,19.42
17,19.12
18,17.33
19,11.59
20,11.58
21,12.55
22,8.85
23,8.19
0,6.61
1,6.73
2,6.03
3,10.57
4,9.5
5,12.54
6,12.24
7,16.34
8,16.34
9,20.18
10,21.96
11,23.42
12,22.47
13,22.37
14,25.12
15,22.1
16,18.91
17,20.68
18,16.19
19,14.31
20,13.65
21,11.9
22,9.23
23,8.22
0,9.33
1,6.7
2,6.61
3,7.7
4,7.18
5,11.49
6,13.34
7,13.61
8,17.25
9,17.42
10,21.39
11,21.74
12,23.86
13,23.43
14,23.57
15,23.15
16,23.05
17,19.38
18,18.16
19,14.76
20,12.9
21,12.01
22,10.06
23,8.28
0,8.17
1,7.29
2,7.45
3,8.25
4,9.29
5,13.08
6,13.04
7,14.75
8,15.83
9,18.57
10,17.97
11,23.27
12,21.72
13,22.59
14,21.7
15,19.94
16,19.97
17,18.84
18,17.03
19,15.18
20,10.68
21,9.82
22,10.39
23,9.76
0,7.8
1,6.33
2,5.9
3,7.0
4,8.61
5,11.41
6,12.86
7,14.98
8,17.8
9,19.07
10,20.52
11,22.42
12,23.23
13,23.15
14,25.07
15,23.77
16,22.35
17,17.82
18,17.2
19,13.87
20,13.35
21,10.28
22,9.34
23,10.08
0,8.13
1,5.48
2,7.97
3,8.2
4,9.26
5,8.61
6,11.83
7,14.89
8,17.16
9,18.26
10,21.41
11,21.84
12,22.09
13,23.26
14,21.65
15,22.57
16,19.49
17,16.97
18,18.17
19,15.03
20,14.82
21,10.62
22,8.55
23,9.33
0,8.45
1,6.08
2,6.36
3,9.0
4,7.81
5,10.97
6,12.98
7,14.48
8,17.55
9,20.17
10,19.67
11,22.02
12,20.52
13,22.97
14,24.84
15,19.33
16,21.21
17,20.04
18,14.37
19,17.29
20,12.0
21,12.68
22,8.98
23,7.78
0,8.91
1,7.54
2,4.67
3,6.65
4,9.31
5,9.33
6,14.91
7,14.37
8,15.73
9,19.31
10,21.97
11,21.27
12,23.06
13,21.47
14,24.11
15,21.73
16,20.3
17,19.34
18,18.29
19,16.11
20,15.12
21,11.13
22,8.4
23,8.4
0,7.46
1,6.5
2,8.28
3,6.45
4,6.96
5,10.98
6,12.91
7,16.16
8,18.02
9,21.76
10,20.27
11,23.85
12,21.91
13,24.39
14,23.78
15,22.04
16,18.98
17,18.84
18,18.36
19,13.05
20,12.66
21,11.52
22,9.96
23,9.11
0,5.97
1,7.89
2,7.96
3,6.63
4,6.87
5,10.6
6,13.67
7,13.71
8,15.93
9,16.75
10,19.29
11,24.52
12,21.15
13,24.31
14,23.43
15,20.92
16,20.54
17,17.62
18,15.0
19,12.59
20,13.23
21,12.45
22,10.77
23,7.28
0,10.87
1,8.19
2,5.73
3,8.57
4,9.45
5,10.44
6,12.07
7,15.27
8,14.58
9,17.18
10,20.21
11,20.78
12,22.72
13,22.48
14,23.04
15,21.32
16,20.87
17,18.66
18,17.55
19,15.32
20,11.5
21,14.43
22,10.84
23,7.37
0,7.22
1,9.64
2,8.41
3,8.49
4,10.12
5,12.13
6,13.09
7,14.92
8,17.06
9,18.7
10,20.67
11,21.38
12,23.89
13,24.06
14,23.72
15,20.34
16,21.89
17,19.68
18,15.69
19,13.33
20,13.4
21,10.09
22,11.35
23,4.64
0,6.45
1,6.78
2,7.01
3,6.67
4,8.62
5,13.15
6,13.05
7,15.72
8,15.16
9,16.62
10,20.52
11,20.49
12,23.45
13,23.11
14,22.51
15,22.15
16,23.61
17,17.85
18,17.97
19,14.38
20,15.62
21,11.99
22,10.33
23,8.48
0,5.25
1,8.73
2,7.19
3,8.54
4,9.13
5,10.16
6,11.39
7,15.29
8,18.72
9,17.57
10,21.63
11,22.14
12,23.33
13,21.53
14,22.65
15,21.17
16,20.07
17,19.07
18,16.69
19,16.31
20,11.77
21,12.96
22,9.18
23,7.89
0,6.08
1,5.09
2,8.68
3,9.36
4,9.89
5,12.71
6,14.09
7,15.64
8,19.3
9,19.55
10,20.7
11,22.89
12,23.69
13,21.28
14,21.46
15,21.12
16,18.86
17,19.28
18,14.93
19,14.49
20,11.2
21,8.73
22,7.56
23,7.72
0,8.06
1,6.37
2,7.32
3,7.0
4,12.21
5,12.29
6,14.83
7,14.81
8,16.2
9,19.57
10,20.69
11,21.44
12,22.6
13,23.71
14,23.07
15,20.44
16,21.25
17,18.8
18,17.32
19,14.26
20,12.64
21,12.09
22,10.36
23,8.16
0,8.68
1,6.26
2,6.71
3,7.67
4,8.74
5,11.99
6,12.83
7,15.88
8,15.94
9,20.44
10,20.81
11,18.77
12,23.45
13,21.69
14,23.13
15,23.74
16,19.41
17,19.96
18,15.44
19,14.38
20,12.7
21,11.48
22,9.96
23,7.52
0,6.92
1,5.87
2,6.78
3,6.71
4,8.41
5,9.76
6,12.45
7,12.93
8,17.17
9,18.3
10,19.82
11,22.86
12,22.41
13,22.18
14,24.0
15,21.75
16,22.05
17,19.12
18,17.0
19,14.98
20,13.74
21,10.04
22,10.39
23,9.19
0,6.6
1,7.62
2,6.51
3,7.69
4,8.43
5,12.47
6,12.62
7,15.62
8,18.1
9,20.09
10,20.57
11,21.97
12,22.42
13,23.35
14,22.85
15,22.43
16,17.79
17,16.99
18,18.4
19,14.86
20,10.35
21,10.56
22,7.39
23,10.04
0,7.59
1,7.54
2,7.27
3,6.86
4,9.79
5,11.73
6,11.81
7,14.82
8,15.39
9,19.48
10,20.6
11,22.02
12,21.14
13,21.95
14,23.27
15,20.35
16,20.13
17,21.33
18,18.52
19,16.4
20,13.16
21,9.23
22,9.08
23,9.07
0,7.95
1,7.31
2,9.44
3,7.73
4,9.84
5,10.79
6,12.76
7,14.29
8,18.27
9,20.37
10,20.61
11,22.36
12,23.37
13,21.05
14,23.21
15,21.0
16,21.75
17,18.53
18,15.48
19,15.8
20,15.42
21,10.9
22,9.39
23,7.76
0,6.75
1,8.93
2,8.4
3,8.48
4,9.16
5,11.02
6,13.87
7,12.33
8,17.03
9,16.45
10,22.68
11,21.19
12,22.01
13,22.51
14,24.08
15,23.29
16,21.46
17,19.7
18,19.44
19,13.43
20,11.91
21,11.65
22,9.42
23,8.12
0,6.67
1,4.83
2,7.1
3,7.65
4,10.57
5,10.84
6,13.77
7,15.63
8,17.69
9,17.12
10,20.96
11,22.25
12,24.0
13,24.37
14,24.45
15,21.85
16,20.43
17,18.02
18,18.01
19,17.34
20,11.49
21,12.23
22,10.12
23,7.43
0,7.82
1,7.94
2,8.94
3,6.76
4,9.02
5,11.03
6,13.41
7,15.14
8,15.89
9,19.53
10,21.16
11,23.27
12,23.0
13,23.52
14,23.14
15,20.77
16,21.17
17,18.51
18,17.62
19,16.46
20,10.45
21,10.96
22,10.27
23,8.94
0,7.63
1,6.13
2,5.89
3,10.9
4,9.22
5,12.54
6,13.52
7,14.92
8,16.07
9,19.13
10,20.62
11,23.89
12,22.85
13,20.86
14,22.87
15,22.04
16,21.55
17,17.32
18,17.57
19,15.32
20,13.16
21,10.94
22,7.46
23,9.34
0,7.82
1,7.22
2,8.7
3,9.02
4,10.91
5,12.16
6,11.52
7,13.65
8,18.29
9,19.65
10,22.43
11,20.93
12,23.57
13,21.53
14,21.69
15,21.52
16,20.79
17,20.3
18,19.8
19,15.63
20,16.17
21,9.82
22,8.24
23,6.61
0,7.25
1,6.79
2,6.98
3,7.64
4,7.83
5,10.33
6,12.84
7,15.57
8,17.87
9,20.47
10,21.63
11,22.34
12,22.22
13,24.3
14,20.45
15,20.38
16,21.36
17,18.53
18,17.58
19,15.34
20,14.8
21,12.31
22,9.01
23,7.51
0,6.63
1,7.5
2,7.54
3,6.19
4,8.37
5,10.75
6,14.07
7,14.38
8,14.7
9,20.14
10,22.99
11,20.47
12,23.11
13,25.53
14,23.83
15,22.81
16,22.38
17,17.37
18,18.72
19,16.21
20,12.36
21,12.34
22,9.54
23,7.02
0,8.67
1,8.79
2,6.68
3,5.87
4,11.58
5,10.98
6,13.7
7,15.21
8,16.48
9,19.26
10,20.04
11,21.0
12,22.66
13,25.25
14,21.94
15,20.21
16,20.84
17,18.61
18,16.85
19,13.97
20,13.87
21,7.55
22,9.06
23,8.79
0,6.7
1,8.14
2,8.76
3,10.77
4,8.65
5,11.4
6,13.12
7,16.04
8,18.0
9,21.25
10,22.01
11,21.27
12,23.67
13,23.63
14,23.2
15,23.47
16,21.7
17,18.77
18,17.35
19,15.51
20,11.65
21,11.17
22,9.77
23,9.51
0,7.52
1,5.69
2,6.94
3,7.1
4,7.84
5,12.77
6,13.08
7,13.34
8,15.93
9,15.2
10,20.01
11,21.61
12,20.86
13,22.63
14,24.07
15,22.67
16,21.27
17,20.39
18,16.9
19,15.93
20,13.53
21,10.6
22,9.66
23,7.69
0,7.16
1,6.44
2,8.12
3,7.54
4,9.0
5,12.1
6,12.35
7,12.86
8,15.97
9,17.68
10,19.61
11,23.36
12,21.48
13,25.22
14,22.83
15,21.82
16,21.68
17,20.07
18,16.12
19,15.11
20,12.22
21,9.67
22,8.52
23,9.18
0,9.29
1,7.04
2,5.57
3,7.43
4,10.41
5,12.12
6,13.54
7,15.37
8,17.58
9,18.07
10,19.84
11,20.37
12,22.6
13,21.92
14,23.39
15,22.44
16,21.94
17,18.96
18,16.25
19,14.81
20,12.53
21,11.33
22,7.2
23,5.54
0,6.64
1,4.67
2,5.95
3,9.46
4,11.35
5,9.88
6,13.0
7,13.59
8,17.59
9,20.49
10,21.72
11,23.95
12,22.24
13,22.75
14,23.01
15,22.83
16,19.92
17,19.58
18,17.53
19,13.37
20,14.51
21,13.21
22,10.59
23,7.3
0,8.3
1,7.39
2,8.27
3,8.54
4,8.77
5,10.63
6,12.46
7,15.52
8,14.9
9,20.52
10,20.75
11,25.38
12,20.53
13,20.99
14,24.16
15,20.34
16,23.61
17,19.35
18,16.19
19,13.93
20,11.87
21,8.19
22,7.61
23,7.78
0,7.72
1,7.59
2,7.88
3,6.34
4,9.72
5,11.01
6,14.93
7,15.23
8,17.78
9,19.27
10,21.55
11,22.01
12,26.44
13,20.92
14,22.17
15,21.58
16,22.69
17,17.58
18,18.49
19,14.96
20,15.53
21,11.43
22,9.05
23,8.83
0,7.74
1,9.21
2,7.98
3,7.86
4,8.18
5,10.91
6,11.79
7,13.63
8,17.78
9,16.52
10,19.74
11,22.89
12,23.36
13,22.93
14,24.02
15,21.76
16,19.03
17,18.89
18,18.79
19,14.73
20,11.3
21,11.58
22,10.88
23,10.38
0,7.89
1,7.95
2,8.01
3,9.17
4,10.27
5,10.7
6,12.29
7,15.75
8,18.24
9,21.25
10,19.92
11,24.89
12,22.16
13,21.62
14,23.32
15,21.82
16,18.16
17,18.16
18,17.49
19,14.5
20,14.42
21,11.26
22,9.38
23,9.07
0,6.44
1,6.85
2,6.53
3,7.12
4,8.44
5,12.44
6,14.21
7,15.48
8,17.36
9,19.7
10,21.88
11,22.1
12,22.81
13,23.21
14,22.16
15,21.33
16,18.76
17,19.37
18,15.58
19,15.99
20,13.28
21,12.86
22,8.39
23,10.25
0,7.9
1,4.8
2,7.14
3,7.16
4,10.42
5,11.5
6,15.76
7,15.42
8,19.06
9,17.94
10,17.35
11,20.52
12,22.52
13,23.99
14,23.39
15,20.6
16,20.92
17,21.55
18,18.53
19,15.48
20,12.46
21,13.6
22,9.08
23,10.32
0,8.87
1,9.19
2,6.34
3,6.6
4,9.95
5,11.28
6,12.66
7,11.58
8,16.72
9,17.03
10,20.33
11,23.33
12,21.42
13,21.12
14,24.61
15,23.07
16,21.52
17,18.05
18,18.37
19,13.83
20,15.48
21,8.26
22,8.92
23,10.1
0,6.22
1,7.5
2,6.2
3,9.58
4,9.07
5,9.67
6,10.47
7,13.63
8,17.64
9,17.59
10,19.44
11,22.05
12,22.71
13,22.83
14,21.06
15,22.67
16,21.97
17,19.49
18,17.17
19,15.84
20,13.77
21,10.8
22,5.77
23,7.83
0,7.02
1,7.51
2,8.71
3,7.36
4,9.87
5,12.34
6,12.22
7,13.53
8,16.76
9,17.5
10,22.85
11,21.12
12,23.71
13,23.26
14,21.48
15,22.39
16,20.97
17,19.96
18,16.63
19,12.78
20,12.56
21,9.22
22,10.84
23,10.14
0,4.4
1,8.69
2,9.49
3,6.71
4,8.81
5,9.9
6,13.57
7,16.19
8,13.88
9,19.51
10,22.03
11,23.46
12,24.13
13,23.17
14,20.99
15,22.94
16,20.35
17,17.79
18,17.67
19,15.63
20,11.03
21,11.21
22,8.88
23,9.12
0,7.08
1,8.0
2,6.18
3,8.61
4,9.2
5,12.36
6,11.35
7,14.49
8,15.82
9,20.04
10,20.06
11,24.78
12,20.41
13,22.16
14,24.66
15,21.77
16,21.86
17,16.59
18,16.42
19,14.68
20,14.34
21,12.31
22,9.58
23,5.89
0,7.35
1,6.74
2,6.62
3,7.57
4,11.18
5,11.23
6,12.13
7,15.96
8,16.74
9,19.32
10,20.94
11,20.66
12,23.83
13,23.7
14,22.12
15,19.35
16,21.17
17,18.33
18,15.45
19,15.44
20,14.29
21,9.37
22,8.35
23,10.33
0,9.27
1,7.9
2,7.51
3,6.23
4,9.46
5,10.88
6,14.19
7,16.35
8,17.47
9,19.14
10,21.5
11,22.41
12,20.89
13,23.38
14,22.37
15,20.84
16,21.86
17,18.67
18,17.76
19,15.05
20,13.52
21,10.81
22,8.56
23,12.14
0,7.19
1,5.35
2,8.81
3,6.91
4,9.73
5,10.77
6,13.86
7,12.98
8,17.98
9,18.43
10,20.58
11,22.62
12,21.46
13,22.47
14,22.67
15,22.29
16,21.72
17,18.96
18,17.67
19,16.39
20,11.91
21,11.49
22,8.3
23,8.17
0,7.24
1,6.26
2,8.2
3,7.95
4,7.3
5,9.78
6,11.38
7,14.2
8,19.19
9,19.27
10,20.23
11,20.49
12,23.75
13,21.52
14,22.75
15,23.19
16,22.5
17,19.26
18,17.98
19,18.21
20,11.46
21,10.62
22,9.84
23,6.99
0,6.45
1,7.55
2,5.55
3,5.72
4,9.34
5,12.08
6,13.32
7,14.63
8,17.16
9,16.31
10,19.77
11,22.66
12,22.3
13,23.63
14,23.09
15,20.73
16,21.07
17,18.68
18,18.41
19,13.77
20,13.49
21,13.01
22,8.61
23,8.82
0,8.29
1,6.91
2,6.25
3,8.43
4,10.18
5,10.15
6,15.23
7,16.2
8,16.34
9,16.44
10,19.58
11,20.88
12,24.2
13,22.74
14,23.09
15,19.23
16,20.32
17,16.87
18,16.64
19,15.54
20,11.57
21,12.51
22,9.28
23,5.85
0,6.04
1,6.49
2,6.0
3,8.93
4,8.36
5,12.33
6,12.83
7,15.31
8,16.4
9,19.65
10,21.63
11,21.75
12,20.34
13,24.45
14,23.21
15,20.79
16,22.36
17,19.52
18,19.35
19,15.32
20,12.57
21,9.13
22,9.15
23,9.47
0,6.58
1,7.66
2,6.18
3,6.76
4,9.96
5,11.97
6,13.49
7,13.2
8,16.62
9,17.86
10,19.5
11,22.24
12,21.01
13,22.47
14,22.7
15,22.99
16,20.06
17,19.99
18,18.06
19,14.69
20,12.97
21,9.6
22,8.35
23,7.86
0,5.92
1,8.35
2,7.78
3,7.62
4,10.05
5,12.09
6,12.71
7,15.89
8,16.87
9,18.66
10,22.08
11,20.72
12,23.33
13,25.3
14,25.42
15,22.94
16,20.4
17,20.96
18,16.13
19,15.3
20,14.5
21,10.75
22,8.45
23,7.75
0,7.28
1,7.19
2,8.08
3,8.31
4,7.16
5,11.67
6,13.59
7,15.0
8,17.06
9,19.11
10,21.17
11,21.26
12,23.37
13,23.05
14,23.99
15,22.33
16,22.18
17,20.3
18,14.71
19,16.31
20,13.32
21,12.15
22,10.37
23,7.38
0,6.18
1,6.24
2,5.51
3,9.04
4,9.04
5,9.74
6,11.59
7,14.59
8,16.35
9,19.52
10,19.19
11,22.21
12,21.84
13,23.2
14,21.66
15,23.67
16,19.76
17,18.64
18,16.84
19,16.7
20,12.04
21,8.85
22,10.19
23,8.87
0,9.78
1,6.44
2,8.05
3,8.99
4,9.68
5,10.76
6,13.98
7,14.06
8,17.91
9,16.48
10,22.64
11,20.68
12,23.89
13,23.47
14,22.25
15,19.09
16,19.95
17,18.58
18,16.09
19,16.42
20,12.15
21,10.56
22,8.97
23,6.25
0,6.08
1,8.37
2,6.58
3,5.77
4,9.31
5,10.96
6,12.64
7,19.21
8,16.5
9,19.18
10,20.05
11,22.94
12,22.62
13,22.46
14,22.85
15,21.79
16,18.53
17,18.18
18,15.17
19,15.08
20,11.17
21,11.12
22,6.68
23,6.99
0,5.34
1,7.82
2,5.87
3,8.33
4,9.5
5,10.53
6,14.25
7,16.27
8,16.34
9,17.37
10,21.55
11,21.49
12,22.4
13,22.15
14,23.71
15,22.97
16,22.98
17,20.0
18,18.1
19,14.05
20,12.4
21,10.53
22,9.82
23,7.56
0,8.64
1,8.58
2,5.99
3,8.7
4,10.95
5,12.81
6,12.4
7,14.3
8,17.03
9,16.04
10,19.92
11,23.68
12,23.36
13,24.21
14,19.75
15,24.43
16,21.27
17,18.76
18,17.41
19,14.61
20,13.62
21,9.43
22,10.47
23,7.14
0,5.62
1,8.49
2,6.67
3,8.77
4,9.05
5,11.21
6,10.29
7,15.79
8,17.57
9,18.31
10,19.86
11,22.7
12,23.92
13,22.46
14,21.32
15,22.33
16,21.89
17,17.76
18,16.52
19,15.0
20,13.24
21,9.54
22,11.95
23,9.05
0,5.67
1,4.81
2,8.56
3,7.77
4,10.7
5,9.8
6,12.05
7,14.67
8,15.01
9,18.64
10,20.14
11,21.96
12,24.02
13,24.15
14,22.83
15,20.62
16,19.02
17,19.06
18,17.82
19,14.96
20,16.23
21,8.9
22,8.7
23,8.38
0,6.29
1,7.16
2,5.54
3,10.24
4,8.24
5,8.27
6,13.31
7,16.31
8,18.6
9,18.69
10,20.45
11,21.59
12,25.3
13,23.54
14,21.12
15,22.8
16,22.79
17,18.48
18,15.43
19,14.25
20,12.26
21,11.88
22,10.13
23,6.34
0,8.39
1,8.38
2,7.13
3,5.84
4,10.15
5,9.94
6,12.01
7,15.28
8,15.32
9,18.32
10,19.43
11,22.11
12,22.5
13,21.68
14,21.52
15,21.55
16,20.41
17,18.81
18,17.46
19,13.68
20,10.84
21,12.98
22,9.04
23,9.02
0,8.01
1,7.36
2,6.03
3,9.27
4,7.9
5,11.1
6,14.1
7,14.26
8,18.83
9,18.33
10,21.01
11,20.58
12,25.7
13,24.05
14,25.07
15,21.56
16,20.74
17,20.07
18,16.15
19,12.07
20,12.7
21,9.09
22,10.87
23,8.19
0,7.27
1,8.74
2,7.93
3,6.22
4,9.94
5,10.76
6,13.3
7,17.51
8,15.5
9,20.81
10,19.35
11,22.17
12,23.38
13,22.34
14,22.24
15,21.49
16,21.69
17,17.47
18,16.55
19,14.95
20,11.93
21,10.12
22,11.35
23,8.16
0,6.94
1,6.4
2,7.11
3,8.98
4,6.97
5,9.81
6,13.51
7,13.26
8,16.02
9,16.93
10,22.3
11,22.1
12,23.32
13,22.23
14,21.55
15,21.18
16,21.04
17,20.47
18,16.2
19,15.69
20,10.98
21,11.48
22,9.97
23,8.99
0,7.5
1,7.64
2,6.57
3,7.99
4,9.32
5,10.27
6,13.46
7,13.96
8,18.24
9,21.73
10,21.38
11,20.17
12,22.99
13,26.14
14,24.08
15,22.26
16,20.29
17,19.53
18,16.4
19,14.96
20,14.87
21,8.22
22,8.33
23,7.43
0,7.96
1,6.18
2,6.55
3,9.77
4,8.82
5,9.26
6,12.62
7,13.7
8,16.86
9,20.24
10,20.68
11,21.72
12,23.39
13,23.56
14,21.8
15,23.31
16,20.26
17,18.0
18,14.78
19,16.55
20,14.0
21,11.43
22,10.21
23,6.42
0,5.47
1,5.98
2,7.63
3,9.71
4,9.27
5,10.7
6,15.45
7,15.13
8,15.64
9,19.27
10,21.62
11,21.94
12,22.91
13,23.9
14,22.84
15,20.08
16,19.13
17,19.82
18,18.21
19,14.14
20,11.81
21,11.77
22,9.92
23,7.43
0,8.43
1,7.61
2,8.04
3,7.66
4,9.14
5,11.44
6,13.69
7,14.42
8,16.08
9,18.63
10,21.51
11,21.59
12,21.86
13,21.8
14,22.03
15,22.78
16,23.97
17,20.44
18,14.99
19,18.01
20,14.63
21,12.2
22,10.92
23,8.79
0,7.94
1,6.42
2,7.33
3,8.64
4,9.64
5,12.12
6,9.71
7,14.79
8,18.14
9,17.47
10,24.75
11,21.83
12,23.65
13,23.14
14,23.64
15,21.52
16,22.24
17,19.37
18,17.88
19,15.45
20,14.9
21,12.58
22,9.05
23,8.72
0,7.06
1,6.68
2,6.61
3,8.96
4,7.67
5,10.42
6,13.6
7,16.15
8,17.9
9,18.35
10,21.47
11,20.82
12,24.93
13,22.54
14,24.95
15,22.89
16,19.45
17,18.94
18,17.65
19,14.03
20,12.71
21,9.14
22,8.55
23,8.96
0,7.48
1,6.96
2,6.58
3,8.26
4,7.84
5,11.94
6,15.56
7,14.6
8,19.43
9,17.97
10,21.14
11,21.62
12,22.74
13,22.72
14,23.36
15,21.96
16,21.01
17,21.06
18,16.98
19,15.31
20,13.68
21,13.25
22,9.75
23,8.59
0,10.91
1,6.04
2,7.59
3,9.03
4,8.54
5,9.95
6,14.09
7,15.91
8,17.59
9,21.7
10,19.34
11,20.33
12,22.6
13,22.54
14,22.71
15,20.94
16,21.05
17,19.92
18,16.98
19,14.52
20,14.29
21,11.3
22,9.93
23,7.72
0,9.49
1,6.92
2,6.64
3,4.81
4,10.34
5,8.78
6,12.16
7,13.64
8,15.95
9,20.89
10,19.23
11,25.71
12,23.24
13,22.98
14,23.59
15,21.18
16,21.43
17,18.59
18,17.59
19,14.84
20,10.41
21,10.59
22,7.63
23,11.02
0,8.61
1,6.83
2,8.48
3,7.71
4,9.51
5,11.38
6,14.08
7,16.25
8,15.22
9,19.39
10,21.04
11,22.42
12,21.32
13,21.49
14,23.18
15,22.55
16,20.19
17,17.97
18,16.85
19,16.19
20,13.05
21,12.5
22,8.01
23,5.65
0,6.04
1,5.96
2,7.7
3,5.86
4,9.82
5,11.86
6,11.85
7,14.89
8,17.36
9,19.88
10,22.58
11,25.43
12,24.3
13,24.12
14,20.93
15,20.92
16,18.79
17,20.33
18,16.31
19,14.73
20,12.86
21,11.8
22,8.04
23,6.73
0,7.8
1,7.31
2,5.2
3,9.89
4,11.15
5,13.46
6,13.23
7,16.95
8,16.75
9,20.46
10,19.71
11,22.21
12,22.09
13,24.68
14,24.02
15,22.21
16,21.66
17,19.29
18,17.53
19,18.69
20,13.37
21,10.0
22,10.36
23,9.29
0,8.12
1,8.0
2,7.43
3,8.63
4,8.77
5,11.89
6,14.03
7,16.11
8,15.16
9,18.32
10,19.29
11,23.79
12,20.79
13,21.19
14,24.99
15,20.88
16,18.18
17,17.02
18,16.13
19,15.37
20,11.41
21,11.57
22,7.75
23,8.41
0,8.01
1,6.42
2,8.86
3,8.46
4,10.25
5,11.34
6,12.37
7,17.6
8,15.95
9,19.5
10,22.81
11,23.28
12,23.93
13,23.02
14,21.0
15,24.55
16,18.37
17,19.12
18,18.49
19,16.9
20,13.22
21,11.21
22,9.02
23,9.09
0,6.57
1,5.62
2,7.5
3,10.57
4,9.0
5,10.79
6,11.62
7,15.74
8,18.64
9,19.85
10,20.08
11,20.32
12,24.06
13,21.73
14,25.1
15,23.49
16,19.34
17,18.8
18,17.31
19,15.04
20,14.86
21,10.94
22,10.03
23,7.65
0,7.02
1,6.58
2,5.65
3,7.68
4,8.76
5,10.29
6,10.13
7,15.27
8,17.83
9,17.91
10,21.29
11,22.9
12,23.85
13,23.97
14,23.78
15,22.52
16,20.98
17,19.77
18,17.41
19,15.41
20,14.23
21,11.77
22,10.1
23,7.63
0,7.49
1,5.9
2,7.96
3,4.67
4,11.24
5,12.14
6,12.77
7,16.09
8,15.94
9,20.58
10,20.88
11,22.77
12,22.97
13,21.16
14,22.33
15,23.86
16,20.83
17,18.83
18,18.67
19,13.19
20,13.4
21,11.37
22,10.82
23,7.21
0,5.66
1,6.07
2,6.23
3,6.84
4,10.4
5,10.99
6,13.62
7,15.28
8,17.94
9,20.11
10,20.08
11,22.2
12,22.19
13,23.25
14,23.91
15,21.52
16,20.46
17,20.85
18,16.89
19,16.83
20,10.83
21,13.89
22,9.69
23,8.76
0,7.65
1,5.44
2,7.6
3,6.82
4,8.89
5,9.31
6,11.59
7,15.25
8,16.99
9,20.96
10,20.33
11,22.77
12,22.04
13,21.37
14,23.22
15,20.94
16,19.59
17,15.67
18,16.31
19,14.16
20,14.17
21,10.96
22,8.91
23,9.09
0,8.33
1,5.94
2,8.42
3,8.79
4,9.94
5,11.52
6,12.29
7,15.31
8,16.19
9,21.01
10,20.23
11,21.77
12,24.55
13,23.96
14,23.0
15,21.76
16,21.62
17,18.87
18,16.91
19,13.59
20,10.19
21,9.07
22,9.62
23,9.08
0,6.8
1,7.91
2,5.59
3,3.72
4,9.7
5,11.51
6,13.82
7,13.36
8,15.5
9,16.98
10,19.61
11,23.25
12,23.18
13,21.42
14,23.81
15,20.76
16,20.14
17,18.69
18,15.66
19,15.0
20,12.46
21,10.95
22,11.85
23,8.07
0,8.54
1,6.57
2,7.78
3,9.33
4,10.25
5,11.26
6,12.93
7,14.39
8,16.79
9,21.57
10,19.7
11,24.39
12,21.56
13,21.54
14,23.97
15,20.26
16,20.33
17,18.95
18,17.66
19,13.18
20,12.21
21,10.61
22,9.09
23,8.15
0,8.34
1,6.72
2,8.58
3,6.34
4,11.22
5,11.03
6,14.82
7,13.46
8,16.02
9,19.08
10,19.94
11,23.35
12,23.19
13,20.51
14,21.1
15,21.52
16,20.58
17,20.23
18,17.8
19,14.23
20,13.13
21,10.65
22,9.69
23,8.9
0,7.24
1,8.9
2,5.16
3,8.08
4,7.71
5,11.97
6,13.84
7,14.13
8,16.93
9,21.26
10,21.34
11,21.75
12,20.96
13,23.03
14,23.75
15,21.57
16,20.56
17,20.16
18,16.31
19,14.25
20,13.28
21,8.48
22,9.52
23,7.94
0,6.67
1,6.9
2,4.72
3,7.46
4,10.11
5,10.03
6,11.2
7,14.53
8,16.03
9,20.14
10,21.11
11,20.5
12,22.2
13,22.32
14,20.88
15,21.74
16,20.64
17,20.71
18,18.56
19,13.76
20,13.04
21,12.72
22,10.28
23,5.97
0,6.78
1,10.15
2,7.4
3,8.82
4,8.81
5,10.45
6,15.46
7,16.37
8,17.05
9,17.78
10,20.62
11,22.66
12,22.65
13,21.89
14,21.44
15,21.98
16,20.11
17,16.03
18,16.9
19,12.71
20,12.59
21,10.76
22,8.7
23,8.21
0,6.8
1,5.75
2,6.8
3,8.62
4,11.11
5,8.08
6,11.29
7,15.05
8,16.39
9,17.0
10,20.28
11,23.35
12,23.8
13,23.92
14,23.27
15,21.44
16,19.54
17,17.63
18,16.24
19,15.67
20,13.23
21,12.02
22,9.71
23,8.03
0,8.57
1,6.77
2,6.88
3,8.13
4,10.01
5,10.63
6,13.22
7,16.07
8,16.41
9,19.54
10,22.25
11,22.27
12,23.13
13,23.43
14,23.08
15,22.02
16,19.87
17,18.8
18,14.29
19,13.85
20,13.02
21,9.13
22,8.33
23,7.12
0,6.68
1,6.86
2,7.76
3,10.22
4,11.09
5,10.96
6,13.22
7,13.86
8,18.14
9,18.42
10,20.92
11,21.61
12,21.1
13,25.25
14,23.96
15,20.17
16,19.6
17,20.27
18,16.42
19,13.57
20,12.59
21,12.25
22,9.2
23,8.85
0,6.37
1,6.19
2,8.39
3,8.62
4,8.07
5,11.7
6,13.16
7,14.54
8,18.51
9,20.78
10,21.14
11,23.02
12,20.42
13,23.53
14,22.27
15,20.32
16,22.24
17,20.73
18,15.83
19,15.48
20,14.29
21,12.26
22,9.01
23,9.27
0,7.94
1,7.91
2,9.41
3,8.09
4,8.58
5,10.49
6,12.52
7,16.29
8,15.38
9,18.47
10,19.62
11,23.68
12,20.86
13,21.41
14,23.51
15,21.96
16,20.09
17,20.03
18,17.98
19,13.94
20,14.46
21,11.55
22,9.22
23,8.72
0,8.19
1,5.52
2,7.14
3,9.38
4,10.68
5,9.18
6,12.84
7,15.55
8,18.07
9,19.12
10,21.43
11,21.3
12,21.27
13,23.34
14,24.31
15,22.91
16,18.92
17,18.04
18,16.83
19,16.48
20,14.67
21,10.46
22,10.15
23,7.19
0,6.9
1,4.47
2,5.07
3,7.55
4,7.86
5,11.39
6,12.78
7,15.69
8,18.04
9,20.11
10,22.62
11,21.62
12,21.86
13,20.86
14,22.06
15,22.25
16,20.07
17,17.09
18,15.8
19,15.95
20,12.81
21,11.53
22,10.28
23,9.86
0,7.34
1,7.3
2,8.87
3,3.84
4,11.78
5,12.0
6,11.37
7,15.73
8,17.45
9,16.81
10,21.36
11,23.57
12,23.02
13,22.51
14,21.88
15,22.02
16,21.33
17,21.51
18,17.49
19,14.22
20,13.53
21,10.09
22,8.92
23,8.02
0,6.8
1,6.5
2,7.14
3,8.24
4,11.38
5,11.4
6,13.99
7,14.49
8,16.5
9,17.88
10,21.2
11,22.66
12,21.55
13,22.83
14,21.09
15,22.27
16,21.99
17,20.47
18,17.18
19,14.55
20,14.27
21,9.72
22,8.11
23,8.04
0,5.86
1,7.14
2,7.13
3,6.15
4,10.96
5,11.17
6,12.25
7,15.01
8,17.91
9,20.3
10,20.19
11,20.96
12,21.78
13,24.38
14,21.63
15,21.23
16,18.58
17,21.36
18,16.32
19,14.64
20,13.01
21,10.67
22,10.46
23,7.03
0,5.37
1,6.4
2,6.03
3,9.96
4,9.39
5,9.28
6,10.39
7,14.12
8,17.3
9,18.0
10,20.15
11,20.93
12,22.81
13,22.96
14,23.47
15,23.42
16,20.7
17,16.96
18,16.03
19,15.22
20,12.06
21,10.63
22,9.6
23,9.7
0,7.2
1,4.58
2,5.44
3,9.26
4,9.65
5,11.36
6,14.3
7,14.07
8,16.11
9,16.9
10,18.76
11,20.35
12,22.54
13,23.04
14,22.92
15,23.97
16,19.68
17,17.79
18,18.67
19,13.03
20,11.92
21,11.5
22,9.57
23,10.92
0,4.71
1,5.89
2,6.2
3,6.08
4,10.93
5,11.9
6,13.43
7,14.88
8,17.05
9,17.79
10,19.04
11,22.66
12,21.99
13,22.94
14,21.24
15,22.31
16,20.37
17,19.72
18,17.36
19,15.1
20,12.88
21,11.2
22,6.61
23,8.21
0,8.79
1,7.93
2,8.5
3,6.32
4,9.5
5,12.32
6,10.88
7,14.41
8,18.28
9,17.83
10,22.54
11,22.17
12,22.51
13,20.44
14,21.71
15,21.54
16,19.43
17,17.82
18,16.43
19,13.2
20,12.87
21,9.53
22,7.41
23,9.73
0,6.15
1,7.28
2,7.3
3,7.6
4,9.16
5,11.69
6,14.36
7,13.76
8,14.86
9,20.3
10,18.26
11,22.56
12,22.08
13,23.22
14,23.84
15,21.89
16,20.1
17,19.64
18,17.72
19,14.67
20,12.85
21,10.39
22,9.62
23,8.7
0,8.0
1,5.92
2,6.72
3,7.94
4,7.27
5,10.15
6,11.48
7,15.46
8,17.06
9,17.95
10,20.56
11,19.87
12,23.0
13,23.73
14,20.4
15,22.79
16,21.38
17,19.65
18,18.65
19,16.04
20,12.89
21,10.38
22,10.56
23,7.07
0,9.16
1,11.23
2,7.67
3,7.56
4,8.52
5,11.23
6,10.21
7,14.73
8,17.4
9,18.3
10,17.59
11,21.23
12,23.27
13,24.01
14,22.57
15,23.4
16,20.82
17,18.56
18,18.11
19,13.49
20,11.13
21,13.77
22,9.71
23,9.4
0,8.33
1,7.37
2,8.96
3,9.16
4,9.95
5,9.5
6,15.52
7,14.72
8,14.75
9,19.8
10,20.37
11,22.15
12,24.18
13,23.25
14,22.12
15,21.09
16,21.97
17,19.15
18,16.95
19,15.03
20,11.47
21,9.0
22,10.84
23,7.16
0,8.0
1,7.69
2,5.97
3,5.94
4,10.0
5,10.39
6,12.49
7,16.32
8,18.36
9,19.15
10,20.25
11,24.07
12,23.39
13,22.64
14,22.07
15,23.44
16,20.36
17,20.89
18,15.12
19,17.24
20,12.73
21,11.33
22,9.87
23,8.23
0,7.45
1,6.41
2,8.16
3,7.66
4,8.07
5,11.69
6,12.23
7,13.96
8,18.21
9,18.43
10,22.15
11,19.96
12,22.37
13,23.0
14,23.46
15,21.66
16,21.27
17,18.37
18,15.54
19,14.45
20,12.43
21,11.58
22,10.38
23,7.62
0,6.65
1,5.81
2,8.29
3,8.79
4,11.63
5,11.85
6,12.65
7,14.7
8,17.11
9,19.48
10,21.58
11,21.64
12,24.62
13,22.54
14,21.31
15,23.94
16,19.57
17,19.26
18,20.15
19,16.15
20,12.75
21,10.4
22,10.21
23,7.83
0,6.11
1,7.06
2,7.48
3,8.76
4,10.24
5,11.62
6,13.14
7,15.37
8,16.66
9,18.18
10,19.18
11,21.96
12,21.49
13,23.13
14,22.8
15,20.27
16,20.26
17,19.46
18,16.86
19,16.2
20,12.87
21,8.95
22,9.59
23,7.93
0,6.69
1,7.45
2,5.88
3,8.21
4,9.84
5,11.06
6,12.96
7,15.48
8,17.35
9,19.11
10,21.16
11,22.93
12,25.81
13,23.51
14,20.23
15,21.02
16,20.17
17,18.15
18,17.68
19,15.83
20,11.83
21,10.64
22,12.58
23,8.44
0,8.4
1,5.86
2,6.96
3,6.52
4,10.23
5,11.72
6,14.14
7,15.21
8,16.92
9,17.7
10,18.97
11,20.92
12,22.15
13,22.79
14,24.82
15,22.97
16,21.76
17,18.81
18,18.22
19,15.15
20,10.67
21,10.3
22,9.35
23,8.14
0,6.87
1,6.69
2,8.5
3,7.91
4,9.67
5,12.82
6,12.77
7,15.61
8,17.46
9,19.11
10,20.11
11,22.33
12,21.71
13,23.68
14,21.27
15,21.11
16,21.8
17,21.43
18,15.08
19,14.89
20,12.46
21,10.6
22,11.39
23,10.06
0,7.49
1,7.32
2,7.78
3,8.57
4,9.16
5,10.4
6,13.33
7,13.89
8,17.79
9,18.49
10,21.48
11,22.28
12,21.01
13,21.91
14,22.36
15,20.93
16,19.74
17,19.46
18,15.18
19,13.48
20,11.18
21,10.35
22,8.38
23,8.5
0,10.26
1,6.37
2,5.66
3,6.46
4,8.92
5,13.41
6,12.27
7,13.23
8,16.56
9,19.0
10,20.22
11,21.72
12,23.79
13,26.26
14,21.96
15,21.81
16,20.84
17,17.44
18,18.35
19,16.47
20,11.43
21,9.39
22,11.6
23,9.07
0,5.82
1,7.62
2,7.76
3,7.41
4,9.14
5,10.94
6,13.31
7,15.26
8,19.36
9,21.04
10,18.65
11,22.29
12,21.73
13,23.7
14,21.41
15,21.98
16,21.38
17,19.61
18,18.78
19,15.94
20,14.11
21,10.57
22,6.94
23,8.39
0,8.08
1,7.65
2,5.66
3,8.06
4,8.11
5,9.89
6,12.36
7,15.3
8,17.1
9,18.86
10,18.74
11,21.91
12,20.35
13,20.67
14,21.49
15,24.02
16,19.08
17,19.93
18,17.18
19,14.09
20,15.36
21,11.17
22,9.95
23,7.55
0,9.01
1,5.93
2,8.58
3,8.57
4,9.48
5,9.49
6,14.92
7,17.46
8,14.33
9,19.25
10,19.92
11,22.4
12,21.36
13,24.05
14,24.11
15,22.49
16,20.57
17,20.22
18,18.39
19,15.11
20,12.48
21,10.25
22,7.59
23,9.71
0,6.12
1,6.46
2,6.37
3,7.68
4,9.72
5,7.52
6,14.39
7,16.14
8,18.26
9,18.85
10,23.27
11,21.22
12,23.27
13,24.06
14,22.03
15,21.17
16,21.64
17,18.48
18,15.53
19,14.53
20,13.47
21,10.96
22,8.55
23,8.14
0,8.7
1,6.5
2,6.02
3,7.43
4,7.64
5,13.48
6,12.24
7,15.45
8,15.43
9,20.14
10,18.82
11,22.73
12,21.76
13,22.41
14,22.43
15,23.56
16,21.16
17,19.14
18,14.79
19,13.54
20,12.53
21,12.98
22,8.07
23,7.48
0,6.46
1,6.85
2,6.82
3,7.81
4,7.0
5,10.58
6,12.58
7,13.33
8,14.91
9,19.24
10,20.89
11,19.87
12,21.3
13,23.39
14,22.63
15,20.98
16,20.34
17,20.25
18,16.82
19,16.03
20,14.0
21,9.99
22,7.9
23,6.57
0,6.32
1,8.23
2,8.63
3,9.53
4,10.7
5,10.46
6,12.17
7,13.9
8,15.29
9,18.14
10,21.54
11,22.09
12,23.44
13,22.3
14,23.1
15,22.71
16,21.41
17,19.64
18,16.19
19,14.03
20,12.83
21,14.55
22,10.44
23,7.43
0,6.12
1,8.08
2,6.56
3,8.29
4,9.38
5,11.19
6,12.54
7,15.85
8,17.91
9,19.29
10,21.24
11,23.03
12,22.62
13,23.43
14,24.47
15,19.37
16,21.07
17,18.16
18,18.75
19,14.45
20,12.46
21,8.75
22,11.0
23,7.28
0,8.26
1,7.6
2,8.36
3,8.69
4,8.84
5,12.9
6,10.64
7,14.45
8,18.3
9,18.59
10,18.55
11,20.88
12,23.2
13,22.92
14,23.75
15,20.68
16,20.6
17,19.57
18,19.09
19,17.17
20,13.66
21,11.35
22,9.47
23,7.42
0,7.31
1,7.49
2,6.44
3,6.43
4,10.21
5,11.11
6,12.85
7,15.3
8,18.32
9,20.25
10,22.78
11,22.39
12,22.1
13,23.95
14,22.96
15,22.65
16,20.8
17,22.2
18,19.53
19,15.07
20,14.16
21,10.5
22,9.1
23,8.95
0,7.98
1,6.61
2,6.56
3,9.52
4,8.99
5,12.96
6,10.49
7,16.48
8,16.72
9,17.79
10,20.21
11,20.6
12,24.4
13,23.7
14,22.19
15,23.2
16,20.32
17,18.69
18,16.71
19,15.35
20,15.4
21,11.64
22,10.81
23,9.8
0,6.59
1,7.03
2,9.27
3,7.81
4,9.07
5,10.29
6,14.64
7,13.54
8,16.74
9,18.28
10,20.26
11,21.9
12,23.61
13,22.36
14,23.54
15,23.63
16,20.07
17,19.69
18,17.22
19,12.69
20,13.78
21,11.8
22,9.09
23,9.58
0,5.52
1,7.46
2,7.75
3,6.84
4,10.4
5,10.36
6,12.39
7,14.84
8,18.13
9,20.37
10,22.63
11,20.9
12,21.81
13,24.29
14,22.44
15,22.74
16,19.62
17,18.65
18,18.82
19,14.25
20,11.78
21,11.53
22,8.33
23,9.44
0,6.2
1,7.73
2,4.95
3,6.27
4,7.81
5,9.98
6,13.0
7,14.12
8,15.64
9,19.55
10,20.29
11,22.07
12,23.43
13,22.24
14,23.12
15,22.91
16,23.36
17,18.81
18,15.85
19,17.13
20,13.64
21,10.34
22,10.18
23,8.06
0,7.15
1,7.91
2,6.11
3,8.15
4,9.62
5,10.76
6,12.15
7,14.3
8,16.74
9,17.5
10,20.62
11,22.84
12,21.47
13,21.66
14,24.48
15,20.72
16,19.83
17,17.42
18,18.84
19,16.14
20,10.47
21,6.39
22,7.76
23,8.75
0,8.0
1,6.15
2,7.41
3,7.2
4,10.71
5,10.63
6,12.7
7,13.64
8,19.06
9,21.57
10,22.12
11,21.21
12,21.16
13,25.57
14,23.78
15,20.3
16,21.11
17,20.58
18,16.37
19,14.97
20,11.92
21,8.44
22,10.08
23,4.89
0,7.31
1,5.28
2,9.39
3,9.14
4,10.33
5,11.36
6,12.8
7,14.91
8,17.81
9,20.29
10,20.03
11,23.25
12,21.75
13,24.56
14,21.51
15,21.48
16,22.93
17,19.13
18,18.29
19,15.0
20,13.76
21,10.14
22,6.1
23,9.77
0,8.35
1,4.47
2,9.0
3,8.29
4,11.6
5,10.69
6,13.52
7,13.86
8,15.31
9,18.5
10,19.97
11,23.12
12,22.45
13,24.1
14,21.44
15,20.76
16,19.44
17,19.12
18,16.0
19,15.55
20,12.84
21,11.51
22,7.65
23,7.77
0,7.78
1,6.99
2,5.84
3,4.7
4,9.36
5,10.61
6,12.28
7,16.33
8,15.9
9,19.52
10,19.2
11,20.89
12,23.28
13,25.23
14,21.61
15,20.88
16,21.31
17,18.85
18,16.58
19,14.22
20,11.77
21,11.46
22,8.99
23,9.12
0,6.35
1,7.62
2,7.54
3,7.35
4,8.7
5,8.1
6,11.1
7,16.39
8,18.14
9,21.17
10,21.93
11,22.11
12,22.16
13,22.15
14,21.8
15,21.78
16,21.05
17,18.58
18,16.83
19,12.93
20,15.25
21,14.19
22,9.15
23,8.68
0,7.96
1,7.6
2,5.61
3,8.62
4,9.35
5,11.65
6,12.15
7,13.58
8,17.12
9,17.82
10,22.3
11,21.89
12,24.15
13,22.71
14,22.59
15,22.93
16,19.36
17,18.18
18,18.6
19,19.41
20,14.11
21,11.77
22,7.43
23,6.98
0,6.64
1,5.15
2,7.29
3,6.45
4,9.39
5,12.72
6,11.81
7,14.85
8,16.22
9,20.16
10,21.49
11,23.25
12,23.41
13,24.7
14,22.3
15,19.77
16,22.06
17,20.7
18,19.19
19,13.13
20,12.78
21,10.24
22,11.97
23,8.29
0,8.76
1,5.33
2,8.86
3,9.21
4,10.24
5,10.24
6,13.92
7,16.12
8,17.69
9,17.83
10,21.79
11,20.76
12,24.85
13,23.53
14,23.19
15,19.71
16,20.55
17,19.09
18,15.49
19,16.13
20,13.41
21,10.76
22,10.55
23,6.49
0,7.41
1,7.26
2,7.28
3,10.14
4,8.58
5,10.71
6,15.74
7,16.16
8,16.18
9,18.56
10,18.64
11,21.73
12,25.08
13,24.21
14,21.71
15,22.45
16,19.86
17,16.07
18,16.32
19,14.1
20,12.4
21,11.04
22,9.19
23,6.62
0,7.01
1,7.95
2,8.77
3,8.14
4,9.25
5,10.16
6,13.7
7,12.85
8,18.77
9,18.22
10,24.05
11,21.09
12,23.45
13,24.79
14,21.3
15,23.63
16,21.96
17,19.29
18,17.72
19,15.43
20,13.29
21,11.95
22,9.23
23,8.41
0,7.25
1,7.82
2,5.44
3,8.49
4,9.97
5,11.98
6,12.66
7,16.17
8,16.25
9,18.95
10,20.72
11,21.54
12,22.82
13,23.03
14,23.54
15,22.75
16,20.39
17,20.19
18,15.14
19,14.81
20,12.19
21,11.95
22,8.66
23,7.18
0,8.31
1,6.52
2,6.08
3,8.22
4,7.32
5,10.65
6,11.46
7,14.1
8,19.49
9,19.12
10,19.34
11,20.73
12,21.01
13,23.97
14,23.94
15,22.48
16,19.92
17,20.17
18,17.09
19,14.57
20,12.78
21,10.85
22,9.56
23,9.52
0,9.13
1,7.19
2,7.8
3,10.55
4,8.88
5,9.98
6,13.21
7,13.18
8,16.41
9,17.76
10,18.77
11,22.12
12,23.97
13,24.07
14,22.32
15,20.45
16,19.6
17,20.54
18,18.23
19,15.01
20,12.87
21,11.55
22,7.57
23,8.03
0,9.84
1,5.95
2,6.8
3,8.03
4,8.73
5,11.19
6,11.39
7,15.71
8,16.93
9,19.09
10,19.91
11,21.31
12,20.73
13,22.6
14,22.56
15,22.68
16,19.47
17,18.05
18,15.38
19,15.65
20,12.35
21,8.99
22,8.98
23,7.44
0,6.74
1,3.98
2,8.39
3,7.1
4,9.86
5,11.03
6,11.59
7,15.06
8,17.37
9,19.76
10,20.23
11,21.13
12,22.66
13,22.65
14,20.24
15,21.81
16,20.49
17,19.02
18,16.34
19,15.21
20,11.08
21,11.28
22,8.16
23,8.35
0,5.98
1,8.29
2,9.71
3,8.53
4,8.79
5,10.27
6,11.69
7,15.85
8,16.52
9,18.27
10,20.73
11,22.02
12,22.4
13,24.11
14,23.28
15,22.09
16,19.38
17,19.38
18,16.94
19,15.5
20,13.5
21,10.04
22,8.31
23,9.3
0,9.81
1,6.47
2,8.54
3,5.97
4,10.17
5,9.84
6,11.3
7,15.63
8,17.61
9,17.76
10,21.02
11,20.73
12,22.43
13,26.11
14,22.44
15,19.02
16,19.75
17,18.86
18,17.7
19,14.93
20,11.85
21,13.25
22,9.56
23,7.49
0,5.81
1,5.12
2,5.11
3,6.58
4,9.07
5,10.11
6,10.28
7,13.88
8,16.28
9,18.21
10,20.54
11,21.65
12,23.35
13,22.8
14,22.05
15,22.99
16,21.73
17,20.18
18,16.4
19,16.96
20,11.95
21,10.63
22,9.87
23,7.94
0,6.73
1,7.92
2,8.69
3,6.29
4,9.37
5,11.9
6,12.2
7,15.05
8,18.77
9,19.57
10,18.84
11,21.7
12,24.21
13,23.75
14,22.12
15,21.71
16,20.42
17,17.94
18,18.02
19,14.02
20,14.1
21,11.83
22,7.99
23,8.11
0,7.89
1,7.48
2,9.58
3,8.32
4,11.49
5,9.88
6,11.44
7,14.41
8,16.85
9,17.17
10,21.3
11,21.71
12,23.63
13,22.0
14,22.28
15,21.84
16,21.26
17,19.16
18,19.81
19,15.85
20,12.33
21,12.97
22,7.68
23,9.18
0,8.25
1,6.37
2,4.49
3,9.36
4,7.73
5,11.2
6,11.09
7,14.24
8,16.07
9,20.29
10,21.81
11,21.28
12,23.17
13,23.0
14,23.88
15,20.84
16,18.44
17,18.15
18,18.06
19,13.71
20,12.97
21,12.21
22,9.55
23,7.7
0,6.59
1,6.81
2,9.01
3,7.61
4,9.21
5,10.36
6,12.54
7,16.09
8,17.02
9,20.03
10,17.68
11,22.4
12,21.33
13,21.97
14,22.49
15,24.77
16,19.14
17,19.16
18,15.59
19,13.36
20,14.73
21,11.32
22,7.21
23,8.83
0,7.5
1,7.53
2,5.45
3,9.41
4,9.16
5,10.6
6,11.94
7,14.6
8,16.35
9,17.14
10,19.98
11,20.95
12,24.14
13,23.54
14,21.95
15,21.93
16,21.13
17,21.62
18,17.4
19,14.07
20,13.41
21,9.5
22,9.09
23,7.32
0,7.47
1,7.94
2,5.49
3,9.35
4,9.1
5,9.85
6,11.96
7,17.92
8,18.51
9,16.71
10,20.06
11,23.96
12,26.64
13,23.87
14,20.36
15,22.03
16,22.77
17,19.18
18,18.93
19,16.11
20,15.23
21,11.41
22,8.15
23,9.0
0,5.6
1,8.0
2,5.8
3,8.1
4,7.51
5,12.45
6,14.05
7,15.25
8,14.88
9,20.51
10,22.84
11,21.66
12,23.29
13,23.84
14,23.76
15,21.94
16,22.19
17,19.04
18,16.33
19,13.78
20,10.72
21,10.64
22,9.55
23,6.9
0,5.81
1,8.02
2,6.5
3,7.64
4,9.49
5,10.06
6,12.85
7,15.26
8,18.32
9,20.72
10,18.85
11,22.2
12,23.59
13,20.88
14,21.03
15,23.25
16,20.6
17,19.25
18,16.51
19,15.22
20,11.27
21,10.66
22,9.83
23,9.34
0,6.9
1,7.36
2,6.51
3,6.85
4,8.25
5,11.92
6,13.98
7,14.16
8,18.76
9,20.11
10,20.39
11,21.75
12,22.48
13,24.17
14,23.61
15,20.37
16,20.5
17,17.43
18,18.94
19,14.67
20,12.24
21,9.67
22,10.01
23,6.82
0,8.16
1,6.48
2,6.86
3,6.56
4,9.48
5,10.65
6,12.43
7,12.59
8,16.43
9,20.4
10,21.89
11,23.24
12,20.0
13,23.96
14,24.45
15,20.19
16,20.6
17,20.19
18,18.12
19,11.15
20,13.2
21,9.5
22,10.26
23,7.63
0,7.42
1,6.59
2,7.89
3,7.97
4,11.66
5,11.35
6,12.94
7,14.55
8,17.26
9,19.91
10,19.6
11,22.11
12,22.42
13,22.64
14,22.59
15,22.64
16,22.88
17,19.02
18,16.79
19,16.21
20,15.22
21,9.52
22,10.69
23,8.54
0,10.48
1,6.88
2,6.81
3,8.11
4,11.07
5,9.47
6,14.4
7,14.99
8,17.33
9,19.77
10,21.6
11,21.56
12,22.57
13,23.47
14,22.62
15,22.84
16,19.62
17,19.86
18,18.53
19,14.09
20,13.25
21,10.91
22,10.61
23,8.34
0,5.94
1,7.36
2,7.17
3,6.55
4,12.41
5,10.37
6,12.04
7,13.7
8,16.65
9,17.96
10,18.79
11,22.67
12,23.51
13,21.38
14,23.42
15,21.73
16,21.39
17,19.77
18,17.08
19,13.67
20,12.66
21,12.39
22,7.61
23,8.55
0,6.85
1,8.41
2,6.57
3,7.29
4,7.94
5,10.83
6,13.83
7,15.56
8,18.78
9,20.16
10,19.38
11,22.13
12,22.59
13,23.1
14,23.95
15,22.88
16,19.72
17,20.02
18,15.84
19,16.06
20,12.48
21,10.11
22,8.91
23,6.82
0,5.61
1,5.52
2,8.36
3,8.57
4,8.14
5,10.21
6,12.15
7,14.8
8,15.58
9,18.19
10,19.97
11,21.99
12,21.88
13,24.36
14,21.96
15,21.07
16,16.84
17,19.8
18,14.95
19,15.67
20,13.54
21,9.84
22,8.4
23,7.94
0,8.04
1,7.6
2,8.62
3,7.17
4,9.74
5,9.9
6,11.89
7,13.26
8,19.06
9,20.06
10,22.37
11,21.15
12,23.92
13,24.09
14,22.59
15,19.43
16,20.72
17,18.16
18,15.95
19,15.06
20,10.41
21,10.18
22,9.06
23,8.14
0,7.3
1,8.53
2,5.48
3,7.71
4,8.52
5,10.24
6,13.37
7,14.81
8,16.2
9,18.39
10,20.24
11,23.0
12,22.34
13,22.81
14,22.13
15,22.84
16,22.28
17,19.06
18,15.85
19,14.24
20,14.81
21,10.55
22,8.83
23,6.88
0,6.28
1,8.53
2,7.83
3,7.38
4,10.67
5,9.15
6,13.32
7,15.38
8,17.02
9,17.68
10,19.4
11,20.0
12,22.62
13,19.79
14,21.97
15,20.87
16,19.38
17,18.93
18,16.72
19,15.64
20,12.6
21,12.31
22,10.26
23,8.83
0,8.25
1,8.41
2,7.3
3,7.89
4,9.47
5,11.01
6,12.04
7,16.47
8,19.71
9,19.24
10,20.56
11,23.27
12,23.09
13,21.31
14,20.2
15,21.28
16,20.2
17,19.6
18,17.53
19,15.66
20,12.3
21,10.68
22,9.79
23,6.56
0,5.77
1,7.37
2,7.24
3,8.92
4,8.51
5,12.35
6,13.83
7,15.88
8,17.73
9,18.99
10,20.52
11,21.13
12,22.99
13,24.24
14,22.92
15,20.1
16,20.87
17,18.46
18,14.72
19,16.64
20,11.92
21,9.17
22,9.27
23,8.36
0,8.32
1,6.29
2,7.78
3,11.53
4,9.93
5,10.53
6,15.29
7,13.65
8,14.92
9,19.37
10,20.37
11,22.13
12,22.28
13,22.5
14,24.23
15,20.68
16,18.32
17,19.74
18,13.58
19,12.9
20,11.63
21,11.76
22,9.52
23,7.84
0,7.05
1,7.3
2,7.02
3,8.62
4,9.05
5,10.82
6,12.39
7,16.02
8,16.68
9,18.16
10,20.81
11,20.84
12,23.33
13,23.83
14,21.26
15,20.75
16,20.87
17,17.87
18,17.47
19,15.89
20,11.19
21,9.02
22,10.51
23,6.78
0,7.46
1,5.11
2,8.04
3,6.01
4,6.8
5,9.89
6,13.48
7,13.8
8,16.77
9,20.05
10,20.81
11,22.32
12,22.8
13,23.19
14,23.94
15,22.2
16,20.92
17,19.04
18,15.62
19,14.84
20,12.88
21,11.26
22,9.87
23,6.72
0,4.83
1,6.06
2,8.24
3,7.84
4,9.06
5,12.91
6,12.79
7,16.48
8,15.61
9,20.17
10,22.6
11,21.58
12,22.79
13,23.1
14,23.03
15,20.81
16,18.8
17,18.59
18,15.89
19,16.98
20,11.88
21,10.5
22,8.68
23,8.72
0,4.8
1,5.24
2,7.27
3,7.23
4,9.55
5,9.29
6,13.44
7,15.45
8,18.0
9,18.48
10,19.97
11,22.21
12,21.55
13,24.0
14,24.36
15,23.11
16,19.77
17,16.41
18,15.97
19,13.3
20,10.55
21,10.83
22,7.06
23,7.44
0,6.93
1,8.38
2,6.63
3,7.38
4,8.06
5,11.22
6,13.09
7,17.72
8,17.57
9,21.78
10,19.53
11,23.58
12,21.03
13,23.25
14,20.7
15,25.06
16,21.34
17,18.81
18,17.24
19,14.76
20,12.55
21,11.17
22,11.66
23,7.19
0,7.88
1,8.5
2,7.15
3,7.57
4,7.73
5,10.96
6,11.84
7,12.81
8,18.15
9,19.61
10,22.18
11,21.48
12,24.89
13,26.09
14,22.67
15,23.93
16,19.55
17,20.06
18,16.96
19,15.79
20,12.93
21,11.64
22,8.79
23,7.36
0,9.5
1,8.5
2,8.41
3,8.79
4,8.92
5,11.24
6,12.3
7,15.63
8,17.41
9,16.17
10,19.3
11,19.75
12,21.47
13,20.6
14,22.8
15,23.99
16,23.59
17,20.23
18,16.36
19,16.23
20,12.92
21,9.67
22,10.09
23,8.36
0,7.95
1,6.66
2,6.93
3,9.96
4,9.82
5,11.31
6,13.3
7,18.45
8,18.86
9,21.32
10,21.61
11,22.45
12,23.28
13,23.29
14,22.44
15,22.54
16,21.02
17,21.13
18,17.6
19,14.93
20,12.19
21,8.81
22,9.14
23,8.74
0,5.96
1,7.34
2,6.69
3,9.36
4,6.36
5,10.53
6,13.62
7,15.23
8,16.75
9,18.67
10,21.66
11,19.68
12,22.97
13,24.52
14,22.37
15,22.66
16,18.28
17,19.62
18,16.81
19,15.52
20,11.44
21,8.98
22,8.92
23,10.24
0,6.58
1,7.0
2,7.11
3,7.88
4,8.16
5,10.75
6,13.93
7,15.43
8,18.15
9,20.38
10,20.45
11,25.08
12,20.83
13,23.2
14,22.14
15,21.31
16,20.75
17,20.02
18,15.44
19,14.76
20,12.29
21,11.42
22,8.57
23,8.17
0,8.34
1,5.95
2,7.64
3,7.04
4,9.93
5,10.21
6,13.99
7,17.18
8,15.91
9,19.21
10,19.17
11,20.61
12,22.6
13,22.02
14,21.47
15,21.75
16,20.42
17,19.63
18,15.67
19,14.54
20,14.36
21,10.85
22,8.76
23,7.62
0,6.49
1,5.68
2,8.95
3,7.44
4,8.56
5,8.55
6,12.2
7,14.54
8,16.78
9,19.31
10,22.65
11,22.16
12,22.71
13,24.38
14,24.15
15,22.67
16,19.64
17,20.18
18,17.94
19,16.13
20,11.62
21,12.43
22,9.41
23,9.35
0,7.56
1,6.74
2,7.29
3,8.23
4,9.87
5,9.44
6,13.72
7,15.26
8,15.23
9,20.34
10,19.44
11,20.24
12,23.13
13,24.91
14,21.4
15,20.96
16,19.68
17,17.91
18,17.01
19,14.53
20,14.67
21,12.33
22,10.84
23,9.64
0,7.62
1,5.88
2,8.32
3,8.53
4,7.82
5,12.43
6,12.01
7,12.31
8,16.57
9,19.25
10,17.21
11,23.98
12,23.51
13,21.8
14,23.52
15,19.7
16,19.33
17,18.12
18,16.45
19,15.64
20,12.98
21,12.75
22,9.49
23,8.3
0,9.16
1,7.95
2,7.56
3,9.37
4,7.48
5,11.71
6,14.6
7,14.16
8,16.93
9,18.72
10,20.84
11,19.76
12,23.55
13,21.78
14,25.18
15,21.3
16,20.95
17,20.26
18,17.81
19,15.05
20,12.36
21,10.87
22,9.26
23,10.33
0,7.89
1,4.6
2,7.27
3,8.6
4,7.57
5,11.61
6,11.71
7,15.98
8,16.5
9,18.19
10,18.55
11,21.35
12,23.95
13,24.11
14,23.96
15,21.5
16,21.08
17,19.38
18,15.0
19,16.41
20,11.65
21,11.68
22,11.31
23,7.29
0,10.4
1,6.97
2,7.34
3,7.6
4,9.02
5,10.39
6,14.55
7,13.82
8,15.82
9,20.68
10,20.47
11,24.18
12,22.9
13,24.17
14,23.99
15,21.6
16,20.81
17,19.04
18,15.44
19,16.06
20,12.45
21,12.02
22,8.45
23,6.69
0,7.1
1,6.35
2,6.47
3,6.95
4,10.79
5,8.6
6,14.22
7,15.26
8,18.64
9,17.56
10,21.63
11,24.21
12,21.14
13,24.28
14,23.36
15,19.74
16,20.91
17,19.72
18,16.03
19,17.6
20,14.21
21,12.79
22,10.76
23,7.89
0,4.41
1,6.32
2,4.59
3,11.25
4,8.02
5,11.0
6,13.85
7,14.74
8,17.24
9,18.34
10,20.64
11,22.64
12,22.12
13,23.45
14,21.84
15,22.73
16,21.1
17,18.76
18,16.73
19,14.21
20,11.06
21,11.15
22,10.08
23,6.42
0,7.49
1,6.43
2,8.34
3,7.58
4,8.05
5,10.4
6,13.68
7,14.36
8,15.62
9,20.81
10,21.21
11,19.14
12,21.4
13,22.14
14,24.88
15,22.7
16,22.91
17,18.69
18,16.51
19,16.37
20,12.69
21,11.59
22,8.71
23,8.37
0,4.87
1,7.56
2,4.9
3,7.37
4,9.82
5,11.81
6,11.63
7,14.12
8,17.76
9,20.59
10,21.73
11,23.05
12,24.14
13,23.83
14,21.99
15,24.79
16,21.18
17,19.47
18,16.66
19,14.85
20,11.13
21,13.9
22,8.11
23,5.42
0,7.2
1,6.02
2,7.66
3,8.24
4,7.41
5,11.09
6,12.59
7,12.8
8,18.64
9,19.13
10,21.55
11,19.03
12,25.15
13,25.13
14,22.13
15,20.97
16,22.82
17,20.8
18,17.69
19,15.82
20,13.73
21,13.5
22,9.16
23,6.3
0,7.91
1,5.42
2,8.63
3,10.34
4,7.91
5,11.11
6,11.47
7,16.03
8,18.17
9,16.65
10,22.35
11,20.02
12,23.01
13,25.4
14,22.85
15,20.71
16,20.32
17,16.79
18,17.2
19,15.64
20,11.56
21,10.17
22,10.33
23,8.02
0,7.96
1,6.27
2,8.97
3,6.4
4,11.03
5,11.32
6,11.63
7,17.39
8,17.42
9,18.38
10,19.45
11,19.71
12,24.17
13,22.17
14,21.77
15,20.0
16,20.59
17,17.72
18,17.01
19,13.67
20,15.07
21,11.05
22,8.62
23,9.55
0,8.71
1,7.54
2,7.24
3,9.87
4,9.15
5,10.52
6,11.73
7,14.1
8,16.44
9,19.02
10,18.06
11,21.71
12,22.93
13,22.65
14,22.13
15,19.16
16,18.41
17,18.23
18,16.74
19,12.62
20,13.33
21,9.83
22,8.64
23,9.53
0,7.26
1,6.45
2,8.87
3,9.36
4,11.38
5,9.93
6,12.36
7,15.06
8,18.43
9,18.53
10,19.61
11,22.35
12,23.89
13,22.27
14,23.26
15,23.56
16,20.67
17,20.68
18,17.95
19,15.36
20,13.3
21,13.05
22,9.46
23,8.64
0,7.25
1,8.33
2,6.76
3,6.58
4,8.3
5,9.53
6,14.14
7,14.27
8,18.09
9,19.49
10,21.81
11,21.75
12,24.07
13,22.97
14,23.72
15,19.9
16,19.48
17,21.09
18,18.54
19,15.37
20,14.98
21,13.87
22,6.56
23,8.35
0,4.82
1,7.55
2,5.83
3,7.51
4,9.23
5,10.94
6,12.56
7,15.72
8,17.77
9,18.77
10,20.47
11,21.63
12,23.9
13,21.26
14,24.35
15,21.19
16,22.0
17,18.68
18,17.59
19,15.7
20,13.72
21,14.29
22,8.65
23,8.69
0,6.49
1,5.98
2,7.56
3,10.57
4,10.21
5,10.96
6,11.35
7,14.99
8,16.8
9,18.77
10,20.92
11,22.1
12,22.69
13,20.58
14,20.71
15,22.32
16,20.04
17,17.86
18,16.87
19,13.41
20,11.26
21,13.02
22,8.48
23,6.3
0,5.2
1,5.64
2,7.12
3,7.67
4,8.07
5,10.56
6,12.62
7,13.11
8,16.76
9,18.68
10,19.64
11,22.94
12,25.11
13,22.69
14,23.1
15,21.33
16,18.94
17,19.73
18,16.57
19,14.53
20,12.72
21,12.64
22,9.48
23,10.56
0,5.38
1,7.89
2,9.27
3,9.42
4,9.47
5,10.98
6,13.19
7,16.84
8,16.74
9,18.12
10,19.19
11,21.08
12,23.41
13,22.41
14,22.19
15,21.44
16,20.34
17,17.34
18,17.16
19,16.42
20,13.17
21,9.08
22,12.11
23,7.61
0,7.77
1,5.85
2,9.42
3,8.18
4,9.53
5,11.58
6,12.32
7,17.39
8,15.92
9,19.35
10,18.97
11,21.27
12,22.89
13,21.82
14,23.19
15,21.38
16,16.84
17,19.03
18,17.79
19,13.85
20,11.69
21,9.35
22,10.04
23,8.17
0,6.56
1,4.56
2,7.0
3,6.96
4,7.49
5,10.96
6,10.84
7,16.33
8,19.23
9,19.16
10,19.48
11,20.53
12,22.86
13,23.66
14,20.64
15,21.16
16,20.44
17,19.23
18,18.8
19,15.38
20,13.11
21,11.27
22,9.65
23,8.41
0,6.98
1,8.54
2,6.67
3,8.86
4,8.52
5,11.77
6,12.72
7,15.45
8,17.28
9,19.29
10,17.66
11,21.24
12,23.83
13,22.98
14,24.0
15,21.77
16,19.98
17,19.4
18,18.22
19,16.25
20,13.44
21,10.41
22,8.95
23,6.67
0,8.01
1,7.38
2,5.82
3,8.02
4,7.62
5,11.62
6,12.67
7,16.43
8,17.82
9,19.13
10,20.57
11,21.48
12,23.19
13,22.54
14,22.18
15,21.33
16,21.83
17,17.4
18,17.13
19,14.32
20,12.13
21,11.62
22,11.04
23,7.44
0,5.23
1,6.85
2,9.64
3,9.89
4,9.72
5,11.36
6,12.09
7,15.6
8,15.32
9,19.29
10,18.37
11,21.4
12,23.49
13,23.92
14,23.67
15,21.27
16,20.32
17,20.0
18,17.26
19,14.92
20,13.93
21,9.87
22,9.81
23,8.54
0,7.49
1,9.5
2,6.59
3,9.52
4,8.2
5,11.45
6,13.24
7,16.39
8,19.1
9,17.73
10,21.93
11,20.23
12,21.25
13,24.26
14,23.23
15,20.86
16,19.99
17,21.4
18,17.6
19,12.27
20,13.93
21,10.92
22,7.58
23,6.45
0,8.6
1,8.16
2,10.04
3,4.87
4,12.73
5,8.95
6,12.64
7,14.19
8,17.16
9,18.91
10,20.09
11,19.47
12,22.86
13,23.09
14,23.2
15,21.06
16,21.5
17,18.15
18,17.05
19,15.75
20,12.56
21,11.26
22,8.49
23,8.19
0,6.5
1,5.15
2,6.7
3,5.84
4,11.52
5,12.21
6,13.64
7,15.27
8,17.48
9,18.49
10,21.42
11,22.68
12,22.32
13,23.5
14,25.64
15,20.85
16,20.29
17,19.69
18,16.36
19,14.82
20,14.1
21,11.22
22,10.75
23,9.44
0,7.4
1,6.88
2,8.6
3,7.29
4,8.4
5,12.17
6,11.24
7,15.73
8,18.28
9,20.39
10,20.6
11,23.12
12,20.28
13,21.88
14,23.19
15,22.52
16,21.86
17,19.01
18,15.51
19,14.77
20,15.69
21,11.22
22,9.94
23,8.44
0,6.32
1,7.01
2,6.84
3,8.74
4,10.48
5,11.69
6,11.91
7,14.49
8,15.74
9,17.89
10,22.75
11,23.26
12,22.35
13,21.76
14,22.39
15,21.28
16,21.59
17,16.82
18,16.41
19,12.88
20,12.0
21,11.35
22,8.86
23,9.17
0,4.94
1,8.02
2,6.41
3,5.73
4,10.3
5,9.76
6,13.21
7,14.41
8,16.18
9,18.16
10,21.6
11,21.02
12,24.49
13,24.39
14,22.56
15,20.74
16,21.89
17,20.67
18,18.09
19,16.31
20,13.6
21,10.56
22,10.81
23,8.83
0,6.43
1,6.44
2,7.7
3,8.56
4,9.95
5,8.41
6,12.64
7,15.03
8,17.59
9,19.33
10,23.55
11,22.6
12,22.72
13,23.03
14,21.72
15,19.93
16,18.89
17,18.1
18,15.67
19,16.29
20,12.31
21,11.93
22,9.48
23,8.14
0,7.44
1,7.25
2,5.12
3,7.78
4,9.9
5,10.64
6,13.71
7,15.12
8,14.66
9,20.7
10,21.12
11,24.41
12,23.09
13,23.09
14,21.8
15,20.33
16,22.27
17,18.28
18,16.99
19,15.46
20,12.22
21,12.07
22,10.3
23,9.07
0,9.01
1,7.72
2,7.45
3,7.67
4,8.69
5,10.67
6,14.43
7,14.59
8,17.56
9,20.59
10,21.19
11,23.68
12,24.4
13,23.3
14,21.38
15,22.61
16,19.79
17,20.45
18,15.74
19,13.8
20,11.98
21,11.5
22,8.86
23,7.94
0,6.67
1,7.27
2,8.68
3,5.53
4,7.15
5,9.81
6,10.36
7,15.81
8,16.51
9,17.94
10,19.92
11,21.13
12,23.38
13,22.21
14,21.91
15,21.14
16,20.34
17,19.13
18,16.84
19,16.4
20,12.32
21,9.25
22,8.59
23,9.53
0,6.68
1,7.5
2,9.36
3,7.05
4,7.5
5,10.07
6,12.47
7,15.89
8,17.33
9,16.88
10,20.2
11,22.23
12,21.53
13,22.73
14,22.52
15,21.31
16,21.49
17,21.46
18,16.85
19,14.22
20,11.88
21,11.38
22,10.09
23,7.55
0,7.17
1,7.31
2,7.1
3,7.0
4,8.38
5,8.77
6,12.08
7,15.33
8,17.12
9,18.58
10,24.19
11,22.78
12,22.79
13,22.16
14,22.6
15,24.16
16,20.75
17,19.72
18,17.83
19,15.69
20,14.15
21,12.0
22,9.93
23,7.65
0,7.76
1,5.67
2,7.43
3,4.44
4,7.43
5,9.07
6,13.3
7,14.92
8,18.42
9,21.6
10,20.21
11,20.52
12,22.79
13,25.58
14,21.54
15,21.5
16,19.99
17,17.56
18,16.45
19,14.22
20,13.35
21,10.85
22,10.47
23,7.87
0,9.37
1,7.81
2,6.47
3,7.57
4,8.72
5,10.72
6,13.38
7,16.13
8,17.68
9,18.85
10,20.27
11,21.97
12,20.96
13,24.96
14,22.34
15,22.9
16,20.32
17,18.83
18,18.98
19,16.58
20,13.74
21,10.04
22,9.43
23,6.94
0,8.05
1,7.93
2,7.48
3,8.49
4,9.61
5,12.4
6,13.87
7,13.88
8,17.57
9,20.77
10,20.96
11,19.33
12,24.26
13,22.56
14,23.1
15,22.91
16,21.33
17,18.61
18,17.75
19,14.35
20,11.9
21,11.82
22,9.09
23,8.54
0,5.6
1,5.5
2,7.01
3,8.08
4,10.13
5,10.83
6,12.73
7,13.5
8,16.96
9,18.45
10,19.55
11,21.92
12,22.47
13,24.04
14,22.33
15,23.66
16,20.97
17,16.89
18,16.46
19,14.06
20,12.42
21,10.16
22,10.79
23,8.63
0,6.86
1,11.43
2,9.63
3,7.11
4,11.14
5,12.61
6,13.7
7,14.51
8,16.66
9,18.38
10,20.97
11,21.32
12,23.65
13,22.55
14,24.25
15,22.14
16,20.25
17,19.7
18,15.44
19,14.1
20,13.28
21,10.82
22,10.15
23,7.02
0,6.52
1,5.99
2,8.94
3,9.54
4,7.97
5,11.28
6,10.2
7,15.33
8,15.05
9,20.62
10,21.28
11,21.14
12,21.3
13,24.53
14,25.11
15,21.86
16,21.67
17,19.22
18,14.95
19,14.54
20,12.61
21,9.84
22,8.93
23,8.08
0,6.88
1,8.09
2,8.69
3,8.27
4,8.91
5,11.15
6,11.29
7,15.25
8,16.18
9,18.45
10,19.86
11,23.27
12,20.87
13,21.1
14,23.62
15,21.92
16,21.62
17,20.12
18,17.26
19,14.54
20,14.68
21,11.39
22,10.54
23,7.96
0,6.45
1,6.03
2,7.22
3,7.27
4,10.67
5,11.53
6,12.97
7,15.78
8,16.85
9,20.64
10,16.79
11,22.76
12,23.96
13,21.18
14,20.64
15,23.69
16,20.41
17,21.23
18,18.42
19,13.85
20,11.38
21,8.34
22,9.71
23,9.13
0,8.02
1,6.99
2,6.76
3,7.55
4,9.32
5,10.38
6,14.37
7,12.62
8,19.0
9,19.36
10,20.01
11,24.16
12,21.16
13,24.15
14,21.5
15,22.15
16,19.05
17,19.94
18,16.3
19,14.4
20,12.73
21,10.1
22,11.0
23,7.35
0,8.68
1,5.32
2,7.94
3,8.28
4,9.01
5,12.09
6,14.61
7,16.36
8,16.82
9,18.52
10,19.39
11,20.75
12,24.65
13,23.47
14,21.76
15,23.64
16,21.15
17,18.47
18,16.84
19,16.27
20,13.43
21,11.35
22,9.17
23,7.01
0,6.48
1,8.13
2,6.15
3,8.27
4,9.02
5,10.62
6,13.33
7,18.2
8,18.95
9,18.09
10,20.0
11,22.83
12,22.96
13,24.25
14,24.23
15,22.55
16,23.81
17,18.0
18,16.11
19,13.6
20,15.89
21,10.94
22,9.16
23,8.0
0,6.13
1,6.07
2,6.36
3,6.58
4,9.69
5,11.52
6,13.71
7,13.87
8,17.22
9,18.86
10,19.3
11,20.96
12,19.98
13,24.23
14,23.32
15,22.6
16,19.67
17,19.3
18,15.3
19,13.99
20,10.41
21,11.1
22,10.09
23,8.79
0,5.95
1,7.37
2,8.26
3,6.37
4,11.13
5,11.24
6,12.58
7,12.4
8,18.4
9,18.73
10,19.79
11,20.64
12,22.31
13,23.57
14,24.01
15,24.13
16,21.5
17,18.41
18,18.23
19,13.77
20,11.99
21,12.44
22,8.97
23,8.89
0,5.57
1,5.67
2,8.07
3,7.17
4,9.56
5,10.57
6,11.87
7,16.74
8,19.41
9,19.08
10,20.26
11,20.62
12,21.81
13,23.45
14,23.14
15,22.88
16,19.39
17,19.27
18,16.82
19,15.73
20,12.38
21,10.22
22,10.27
23,7.13
0,9.59
1,5.94
2,7.89
3,9.1
4,7.45
5,9.27
6,11.51
7,17.17
8,15.96
9,19.15
10,23.16
11,22.45
12,21.11
13,25.64
14,22.42
15,23.42
16,17.33
17,19.07
18,15.21
19,13.44
20,11.82
21,12.69
22,11.1
23,6.12
0,7.14
1,6.03
2,7.21
3,8.63
4,9.03
5,13.12
6,11.22
7,14.74
8,17.61
9,19.37
10,20.4
11,19.82
12,22.62
13,21.6
14,21.64
15,23.13
16,21.47
17,18.16
18,16.89
19,14.13
20,12.54
21,10.23
22,8.03
23,8.65
0,6.57
1,7.15
2,6.45
3,6.94
4,7.96
5,9.58
6,13.0
7,15.67
8,16.09
9,19.94
10,20.2
11,22.89
12,21.58
13,23.37
14,24.82
15,22.94
16,21.92
17,20.95
18,16.78
19,16.01
20,12.75
21,10.84
22,7.81
23,6.44
0,7.85
1,7.85
2,6.74
3,6.59
4,10.28
5,12.72
6,13.74
7,14.15
8,17.25
9,18.58
10,20.67
11,22.83
12,24.84
13,23.81
14,23.94
15,22.3
16,19.56
17,19.34
18,17.06
19,17.21
20,11.34
21,11.17
22,9.22
23,6.88
0,6.29
1,7.86
2,7.48
3,8.29
4,10.96
5,12.06
6,14.85
7,15.49
8,18.12
9,20.25
10,22.41
11,21.28
12,23.98
13,23.84
14,24.59
15,23.12
16,20.54
17,18.85
18,16.05
19,13.32
20,12.93
21,12.59
22,8.95
23,8.66
0,9.88
1,7.49
2,8.8
3,6.82
4,9.41
5,10.52
6,13.99
7,14.33
8,17.89
9,19.56
10,21.59
11,22.77
12,23.64
13,21.82
14,19.82
15,19.82
16,20.93
17,20.68
18,18.54
19,15.61
20,12.55
21,9.2
22,9.9
23,5.09
0,8.29
1,8.64
2,8.29
3,8.49
4,9.43
5,9.81
6,12.02
7,14.79
8,15.2
9,18.44
10,19.17
11,22.36
12,23.7
13,23.29
14,24.22
15,20.64
16,18.62
17,19.78
18,19.37
19,15.59
20,12.97
21,11.86
22,10.66
23,8.22
0,7.95
1,8.39
2,9.19
3,7.95
4,9.36
5,10.48
6,12.28
7,15.02
8,18.7
9,18.98
10,20.89
11,23.06
12,23.35
13,22.8
14,24.69
15,20.94
16,21.2
17,19.28
18,18.98
19,15.8
20,14.32
21,11.76
22,11.53
23,7.38
0,7.34
1,6.72
2,7.12
3,8.99
4,10.67
5,10.38
6,13.15
7,15.19
8,16.6
9,20.13
10,20.04
11,23.65
12,25.37
13,21.62
14,23.28
15,21.77
16,20.72
17,19.02
18,16.84
19,17.82
20,11.72
21,12.93
22,11.28
23,7.38
0,6.91
1,6.41
2,6.51
3,9.46
4,8.24
5,9.99
6,14.09
7,16.1
8,17.09
9,18.42
10,23.04
11,24.08
12,22.72
13,24.54
14,22.66
15,21.53
16,20.84
17,19.39
18,14.93
19,14.79
20,14.63
21,12.39
22,10.4
23,9.04
0,9.1
1,7.16
2,7.97
3,8.7
4,10.9
5,11.15
6,13.3
7,15.73
8,18.15
9,18.09
10,20.86
11,24.38
12,22.23
13,21.43
14,22.74
15,24.45
16,20.7
17,19.76
18,18.97
19,13.56
20,16.86
21,10.83
22,7.06
23,7.94
0,5.53
1,8.56
2,8.9
3,6.15
4,8.23
5,11.14
6,12.93
7,15.62
8,18.0
9,18.89
10,20.91
11,19.14
12,24.03
13,22.05
14,25.04
15,20.97
16,19.85
17,17.34
18,17.15
19,16.16
20,11.78
21,11.11
22,10.0
23,8.24
0,8.1
1,7.14
2,7.22
3,5.89
4,9.83
5,9.59
6,14.63
7,15.08
8,17.42
9,18.5
10,20.46
11,22.65
12,24.32
13,22.81
14,23.39
15,23.25
16,21.7
17,19.53
18,16.94
19,14.35
20,11.92
21,11.99
22,8.39
23,7.8
0,7.04
1,8.51
2,5.67
3,7.95
4,9.6
5,10.45
6,12.28
7,14.07
8,18.3
9,20.98
10,20.35
11,21.44
12,25.03
13,23.11
14,21.49
15,21.21
16,20.09
17,18.42
18,16.8
19,14.75
20,13.86
21,10.39
22,9.59
23,8.5
0,7.02
1,5.36
2,5.24
3,8.32
4,7.63
5,9.81
6,13.1
7,14.08
8,19.28
9,19.93
10,21.78
11,20.3
12,20.56
13,22.94
14,24.07
15,21.68
16,21.92
17,18.71
18,18.07
19,13.51
20,16.39
21,9.71
22,8.87
23,8.24
0,7.27
1,7.03
2,7.65
3,6.08
4,9.12
5,10.76
6,12.33
7,12.0
8,18.73
9,20.06
10,22.69
11,24.01
12,23.14
13,23.66
14,22.61
15,19.48
16,20.47
17,18.56
18,16.74
19,16.74
20,12.63
21,9.96
22,8.39
23,6.97
0,8.19
1,4.84
2,5.83
3,8.53
4,8.13
5,11.16
6,11.81
7,14.64
8,17.14
9,18.93
10,21.5
11,23.21
12,20.91
13,22.07
14,24.07
15,22.56
16,19.39
17,19.47
18,17.25
19,14.34
20,11.99
21,9.56
22,9.84
23,9.56
0,8.75
1,7.21
2,7.29
3,6.36
4,9.85
5,9.29
6,13.39
7,14.04
8,16.44
9,18.46
10,20.57
11,24.08
12,22.09
13,23.35
14,24.39
15,22.52
16,19.88
17,19.46
18,17.98
19,14.96
20,17.11
21,12.19
22,11.1
23,6.87
0,5.06
1,6.95
2,5.46
3,8.69
4,9.48
5,10.23
6,12.52
7,16.95
8,17.74
9,20.18
10,19.96
11,22.64
12,23.71
13,23.95
14,22.73
15,20.63
16,20.51
17,18.96
18,16.49
19,16.71
20,12.82
21,12.25
22,8.9
23,8.58
0,6.49
1,6.77
2,7.23
3,7.45
4,9.48
5,10.19
6,13.08
7,17.33
8,19.5
9,18.41
10,21.82
11,21.03
12,22.96
13,21.95
14,25.0
15,20.76
16,20.51
17,20.47
18,16.37
19,15.45
20,14.48
21,11.65
22,10.34
23,8.35
0,5.41
1,7.77
2,6.29
3,7.58
4,9.36
5,9.92
6,11.66
7,15.17
8,16.66
9,19.06
10,21.18
11,21.95
12,21.92
13,21.69
14,21.75
15,23.13
16,22.07
17,17.67
18,16.68
19,13.67
20,14.07
21,11.72
22,8.17
23,7.99
0,7.38
1,7.96
2,8.16
3,8.61
4,8.87
5,10.86
6,12.95
7,15.53
8,17.43
9,20.49
10,23.61
11,20.19
12,22.48
13,22.09
14,21.81
15,23.31
16,18.21
17,19.14
18,15.2
19,14.34
20,10.66
21,10.41
22,8.29
23,10.03
0,6.32
1,7.87
2,7.66
3,8.69
4,9.59
5,12.05
6,11.58
7,14.73
8,18.95
9,19.58
10,22.18
11,19.81
12,22.1
13,25.03
14,21.67
15,20.47
16,19.61
17,18.32
18,19.11
19,12.12
20,10.37
21,12.35
22,9.51
23,9.17
0,6.86
1,7.62
2,7.8
3,7.24
4,9.8
5,9.25
6,11.73
7,13.48
8,18.35
9,17.42
10,20.4
11,21.53
12,21.63
13,23.33
14,23.23
15,21.93
16,18.82
17,19.04
18,17.31
19,15.33
20,11.51
21,10.93
22,8.2
23,10.48
0,7.85
1,7.25
2,7.75
3,6.91
4,8.66
5,11.13
6,10.72
7,15.07
8,16.7
9,19.64
10,19.81
11,21.89
12,23.68
13,23.07
14,22.8
15,20.95
16,19.76
17,18.19
18,20.17
19,13.23
20,12.78
21,9.9
22,10.29
23,7.11
0,7.65
1,6.29
2,6.15
3,9.9
4,8.68
5,11.24
6,13.2
7,14.98
8,15.82
9,18.95
10,17.76
11,21.22
12,20.73
13,23.91
14,22.39
15,22.14
16,19.71
17,19.9
18,16.95
19,13.89
20,13.77
21,11.87
22,8.86
23,8.33
0,8.68
1,7.81
2,8.13
3,9.75
4,6.88
5,9.04
6,11.39
7,14.03
8,18.2
9,19.07
10,20.83
11,23.72
12,23.51
13,22.58
14,21.68
15,20.8
16,19.48
17,19.66
18,16.65
19,16.16
20,15.1
21,11.43
22,8.67
23,5.9
0,6.64
1,6.79
2,6.82
3,9.67
4,11.24
5,11.69
6,14.95
7,13.56
8,14.63
9,18.6
10,22.08
11,22.48
12,19.99
13,23.53
14,25.91
15,20.68
16,20.08
17,19.41
18,17.0
19,15.26
20,11.31
21,10.63
22,10.48
23,8.27
0,7.04
1,2.75
2,7.03
3,6.89
4,9.42
5,9.97
6,11.79
7,14.49
8,16.01
9,20.19
10,19.24
11,22.0
12,23.51
13,21.04
14,21.92
15,22.12
16,20.84
17,19.3
18,16.52
19,15.43
20,12.54
21,11.13
22,9.71
23,7.14
0,8.5
1,6.26
2,7.09
3,7.9
4,12.09
5,9.02
6,13.94
7,15.96
8,16.18
9,20.13
10,20.94
11,19.24
12,21.74
13,21.25
14,22.64
15,21.29
16,19.79
17,20.27
18,16.08
19,16.17
20,13.89
21,12.12
22,10.27
23,8.34
0,7.36
1,5.98
2,6.7
3,9.12
4,11.61
5,10.04
6,14.49
7,15.53
8,16.56
9,18.6
10,22.16
11,21.76
12,24.48
13,23.37
14,24.17
15,22.28
16,21.24
17,17.75
18,14.51
19,14.78
20,13.18
21,12.06
22,8.2
23,6.85
0,8.12
1,3.6
2,9.26
3,7.58
4,10.42
5,12.67
6,11.48
7,15.96
8,16.63
9,18.2
10,19.81
11,19.99
12,22.46
13,24.47
14,21.96
15,21.66
16,19.97
17,18.17
18,17.65
19,15.38
20,12.5
21,11.78
22,10.99
23,8.79
0,6.33
1,6.94
2,8.45
3,8.4
4,10.0
5,10.68
6,11.42
7,13.36
8,16.17
9,18.27
10,22.35
11,22.87
12,21.5
13,23.67
14,22.23
15,22.69
16,22.0
17,20.92
18,20.26
19,13.02
20,14.28
21,8.97
22,9.65
23,8.19
0,6.46
1,6.76
2,8.97
3,8.7
4,8.63
5,11.6
6,13.59
7,16.2
8,17.33
9,18.62
10,20.57
11,23.25
12,21.09
13,23.94
14,23.15
15,22.16
16,22.65
17,19.25
18,16.96
19,15.11
20,13.67
21,10.3
22,9.41
23,8.2
0,7.56
1,6.06
2,7.28
3,6.82
4,10.32
5,9.68
6,11.14
7,14.57
8,18.24
9,18.48
10,20.51
11,18.9
12,24.53
13,24.47
14,20.97
15,22.23
16,22.56
17,20.3
18,17.71
19,13.92
20,14.46
21,13.05
22,9.21
23,9.9
0,6.04
1,9.16
2,6.77
3,6.12
4,8.53
5,12.81
6,12.86
7,16.37
8,15.48
9,18.71
10,17.35
11,21.99
12,22.39
13,23.4
14,21.96
15,23.84
16,18.98
17,18.53
18,14.72
19,13.53
20,14.0
21,11.71
22,8.9
23,7.13
0,7.83
1,5.52
2,8.2
3,6.21
4,8.87
5,9.27
6,13.34
7,17.52
8,15.6
9,20.52
10,22.37
11,22.45
12,21.06
13,24.29
14,24.86
15,21.82
16,19.18
17,15.81
18,16.39
19,17.11
20,12.87
21,9.87
22,9.81
23,9.77
0,6.02
1,7.06
2,7.69
3,7.44
4,9.38
5,12.51
6,12.66
7,14.27
8,16.99
9,18.12
10,19.66
11,21.66
12,22.18
13,23.39
14,22.49
15,21.94
16,21.23
17,19.73
18,17.66
19,13.85
20,12.04
21,9.14
22,9.88
23,8.25
0,8.73
1,7.22
2,5.59
3,8.92
4,9.55
5,11.79
6,13.49
7,16.09
8,18.21
9,19.7
10,17.57
11,21.02
12,22.74
13,24.75
14,23.21
15,20.68
16,21.06
17,19.88
18,17.05
19,12.8
20,13.51
21,11.36
22,7.97
23,5.63
0,5.05
1,7.94
2,6.12
3,9.93
4,8.95
5,10.8
6,12.61
7,17.3
8,16.31
9,18.58
10,21.54
11,20.86
12,23.74
13,22.35
14,21.23
15,22.56
16,20.73
17,18.02
18,14.94
19,15.1
20,12.29
21,10.41
22,9.9
23,8.53
0,6.88
1,9.71
2,7.62
3,7.92
4,10.21
5,9.36
6,14.98
7,15.92
8,17.07
9,19.03
10,21.27
11,24.09
12,23.06
13,21.57
14,23.28
15,20.92
16,19.18
17,19.37
18,14.75
19,13.24
20,11.88
21,10.32
22,10.06
23,8.94
0,7.63
1,6.19
2,6.78
3,7.76
4,11.21
5,13.12
6,12.13
7,13.89
8,17.39
9,18.6
10,22.03
11,23.71
12,23.03
13,22.13
14,23.68
15,22.41
16,21.14
17,19.99
18,17.74
19,13.67
20,11.9
21,10.29
22,9.28
23,8.18
0,6.5
1,8.88
2,10.54
3,8.23
4,10.13
5,10.43
6,10.76
7,17.3
8,20.27
9,18.69
10,22.3
11,21.56
12,21.25
13,20.87
14,21.57
15,20.79
16,20.57
17,19.23
18,17.85
19,13.0
20,11.15
21,11.46
22,10.03
23,7.85
0,6.27
1,6.57
2,9.36
3,7.62
4,10.06
5,12.87
6,13.31
7,14.9
8,17.08
9,19.25
10,20.18
11,23.24
12,22.38
13,25.0
14,23.38
15,22.26
16,21.28
17,19.65
18,15.92
19,13.84
20,14.43
21,8.48
22,8.97
23,7.66
0,9.09
1,5.27
2,6.3
3,9.0
4,6.42
5,10.07
6,12.92
7,14.15
8,18.26
9,18.67
10,21.04
11,22.1
12,22.92
13,23.12
14,22.87
15,20.86
16,19.1
17,20.47
18,17.22
19,16.53
20,11.94
21,11.95
22,9.05
23,8.34
0,4.78
1,8.58
2,5.66
3,6.86
4,8.39
5,11.91
6,13.54
7,14.59
8,17.9
9,17.67
10,20.96
11,21.1
12,24.28
13,22.54
14,23.83
15,22.41
16,20.62
17,21.06
18,18.21
19,16.11
20,13.23
21,12.13
22,8.41
23,7.76
0,8.98
1,10.25
2,7.49
3,8.82
4,9.38
5,11.25
6,10.09
7,12.54
8,18.75
9,20.62
10,20.99
11,21.13
12,24.3
13,22.8
14,23.31
15,22.67
16,20.85
17,17.18
18,18.4
19,16.17
20,12.28
21,11.19
22,9.14
23,7.16
0,5.75
1,5.52
2,7.77
3,9.8
4,9.95
5,9.98
6,13.47
7,15.43
8,17.71
9,19.2
10,20.62
11,22.27
12,23.22
13,23.18
14,23.33
15,21.2
16,20.34
17,19.87
18,17.69
19,15.97
20,12.56
21,8.48
22,10.69
23,6.71
0,7.58
1,7.51
2,7.87
3,7.8
4,10.38
5,11.61
6,13.65
7,15.39
8,17.51
9,20.1
10,20.1
11,23.03
12,21.28
13,22.48
14,24.85
15,22.21
16,21.41
17,20.93
18,17.0
19,14.38
20,10.73
21,13.67
22,9.89
23,7.02
0,5.97
1,7.75
2,7.43
3,10.92
4,9.53
5,9.33
6,15.35
7,14.89
8,17.88
9,17.17
10,22.36
11,21.99
12,24.43
13,25.07
14,22.69
15,21.64
16,22.64
17,17.69
18,14.79
19,14.42
20,12.34
21,11.67
22,7.31
23,9.49
0,7.62
1,7.16
2,6.75
3,8.94
4,8.77
5,9.82
6,14.0
7,16.09
8,17.57
9,17.3
10,19.43
11,22.85
12,22.63
13,20.54
14,20.86
15,19.62
16,20.73
17,17.47
18,18.7
19,14.86
20,12.67
21,9.07
22,8.82
23,7.12
0,6.83
1,8.01
2,7.05
3,8.11
4,12.19
5,11.21
6,12.52
7,13.61
8,15.7
9,18.14
10,20.26
11,19.21
12,20.86
13,22.25
14,23.46
15,21.38
16,18.75
17,17.91
18,17.67
19,14.99
20,11.79
21,10.09
22,9.16
23,6.78
0,6.93
1,8.83
2,8.62
3,9.53
4,7.49
5,10.19
6,11.34
7,14.55
8,15.46
9,19.96
10,20.13
11,22.56
12,23.33
13,23.06
14,19.91
15,21.68
16,21.18
17,18.99
18,17.22
19,13.59
20,12.6
21,10.78
22,13.37
23,7.53
0,7.66
1,5.5
2,7.66
3,6.99
4,10.11
5,10.46
6,13.72
7,15.28
8,17.89
9,18.49
10,20.37
11,22.41
12,22.73
13,23.76
14,22.47
15,22.72
16,22.54
17,17.43
18,16.43
19,13.7
20,13.71
21,12.08
22,9.63
23,8.19
0,7.93
1,7.0
2,8.93
3,7.51
4,9.37
5,11.83
6,14.06
7,13.69
8,15.48
9,21.25
10,21.22
11,22.54
12,22.46
13,21.67
14,21.23
15,20.7
16,20.67
17,20.55
18,17.0
19,15.37
20,12.16
21,10.65
22,9.69
23,9.31
0,7.23
1,5.51
2,6.64
3,10.25
4,8.14
5,8.93
6,15.37
7,16.38
8,16.62
9,20.52
10,20.28
11,19.55
12,23.19
13,22.93
14,23.41
15,24.39
16,20.8
17,17.55
18,18.69
19,13.43
20,11.25
21,9.57
22,10.54
23,7.01
0,6.21
1,3.56
2,8.14
3,7.74
4,10.77
5,13.11
6,13.98
7,15.03
8,18.45
9,20.61
10,20.24
11,21.96
12,25.26
13,22.27
14,24.33
15,19.83
16,21.85
17,18.86
18,17.88
19,14.92
20,12.09
21,10.64
22,10.86
23,9.52
0,8.98
1,6.89
2,9.01
3,6.22
4,7.27
5,11.53
6,12.38
7,13.86
8,17.1
9,19.02
10,20.53
11,21.6
12,20.95
13,21.58
14,23.16
15,20.89
16,21.27
17,18.47
18,17.2
19,14.48
20,12.35
21,8.53
22,10.02
23,9.31
0,5.89
1,6.41
2,4.7
3,6.52
4,9.98
5,10.28
6,13.45
7,15.31
8,17.65
9,18.93
10,21.98
11,21.5
12,19.91
13,20.48
14,21.78
15,19.47
16,20.48
17,19.98
18,15.52
19,14.46
20,13.78
21,11.92
22,8.66
23,6.75
0,7.55
1,6.27
2,5.85
3,7.42
4,11.1
5,10.86
6,14.99
7,13.71
8,18.35
9,18.01
10,20.75
11,19.75
12,22.43
13,22.36
14,21.91
15,21.83
16,19.73
17,19.67
18,19.25
19,17.19
20,14.55
21,11.11
22,8.46
23,11.41
0,6.35
1,7.3
2,6.0
3,7.59
4,6.14
5,11.16
6,12.25
7,16.64
8,16.37
9,18.47
10,21.18
11,21.93
12,23.58
13,20.89
14,23.54
15,20.41
16,21.44
17,18.85
18,16.01
19,15.94
20,14.44
21,12.13
22,8.97
23,7.8
0,8.56
1,5.03
2,7.28
3,4.72
4,10.29
5,10.77
6,10.94
7,16.13
8,16.91
9,18.67
10,21.61
11,21.01
12,22.45
13,22.45
14,23.5
15,21.97
16,21.31
17,19.78
18,17.29
19,16.84
20,16.01
21,10.69
22,9.24
23,6.59
0,6.4
1,6.6
2,7.34
3,6.82
4,8.23
5,10.22
6,14.98
7,16.31
8,18.39
9,19.12
10,20.08
11,21.8
12,22.17
13,21.17
14,21.87
15,23.67
16,20.78
17,20.84
18,17.62
19,15.13
20,11.54
21,11.91
22,10.41
23,6.31
0,7.88
1,6.2
2,7.94
3,6.6
4,8.06
5,9.49
6,12.73
7,14.51
8,16.5
9,19.34
10,22.64
11,21.35
12,23.05
13,24.34
14,21.22
15,22.5
16,22.36
17,19.4
18,15.84
19,15.05
20,11.93
21,11.59
22,10.87
23,8.33
0,7.84
1,7.93
2,5.13
3,7.86
4,10.5
5,10.81
6,12.31
7,14.79
8,18.21
9,19.95
10,21.7
11,20.14
12,21.73
13,22.1
14,22.47
15,22.61
16,19.05
17,16.98
18,17.5
19,14.47
20,13.81
21,10.82
22,9.07
23,7.4
0,7.82
1,6.77
2,6.98
3,9.59
4,10.73
5,12.87
6,12.52
7,16.38
8,14.89
9,16.93
10,19.68
11,20.68
12,24.2
13,24.16
14,22.16
15,21.89
16,20.09
17,16.92
18,17.06
19,15.82
20,14.08
21,10.45
22,8.12
23,7.02
0,8.6
1,9.06
2,8.43
3,7.72
4,10.25
5,10.47
6,12.02
7,15.35
8,16.93
9,19.43
10,22.07
11,21.76
12,23.11
13,22.11
14,24.98
15,22.15
16,21.9
17,20.01
18,17.44
19,13.79
20,11.47
21,11.0
22,11.71
23,9.47
0,8.92
1,6.51
2,8.06
3,5.73
4,6.45
5,9.38
6,14.49
7,12.78
8,18.3
9,18.89
10,19.17
11,21.21
12,25.28
13,23.3
14,23.32
15,23.38
16,21.46
17,18.79
18,15.84
19,15.39
20,14.43
21,9.46
22,7.16
23,9.93
0,4.27
1,7.23
2,4.92
3,8.76
4,10.21
5,13.5
6,12.11
7,15.69
8,18.14
9,18.42
10,22.01
11,20.56
12,22.29
13,22.43
14,21.73
15,21.06
16,20.43
17,20.1
18,16.94
19,13.96
20,13.23
21,12.72
22,9.29
23,10.54
0,6.51
1,8.06
2,8.61
3,6.57
4,8.62
5,10.53
6,14.14
7,13.64
8,19.01
9,17.18
10,19.79
11,21.89
12,23.63
13,23.18
14,23.45
15,22.93
16,19.93
17,19.87
18,20.11
19,15.2
20,15.52
21,10.24
22,9.55
23,9.37
0,7.56
1,6.17
2,8.99
3,6.18
4,10.06
5,10.35
6,13.37
7,12.96
8,16.99
9,18.03
10,18.03
11,22.14
12,22.12
13,23.06
14,22.55
15,21.08
16,21.98
17,21.19
18,15.93
19,15.95
20,11.49
21,9.14
22,9.79
23,7.13
0,7.05
1,7.98
2,8.21
3,10.0
4,10.08
5,12.98
6,14.23
7,13.84
8,16.16
9,16.38
10,20.66
11,22.98
12,22.4
13,24.0
14,22.32
15,20.87
16,21.88
17,19.59
18,16.16
19,13.1
20,12.05
21,10.49
22,9.04
23,8.82
0,7.43
1,7.53
2,8.04
3,7.88
4,10.69
5,10.06
6,12.48
7,15.94
8,17.12
9,16.62
10,21.21
11,21.5
12,21.22
13,21.24
14,21.31
15,22.21
16,20.64
17,19.31
18,17.07
19,16.44
20,11.96
21,11.14
22,9.1
23,9.12
0,7.17
1,6.74
2,8.54
3,9.34
4,7.24
5,10.08
6,13.75
7,16.52
8,18.99
9,18.33
10,19.2
11,23.5
12,23.39
13,22.4
14,22.3
15,20.81
16,19.5
17,18.2
18,18.3
19,13.23
20,11.07
21,11.11
22,8.54
23,8.02
0,7.72
1,6.25
2,6.39
3,7.55
4,6.84
5,10.73
6,13.14
7,13.76
8,16.81
9,19.42
10,21.09
11,22.08
12,21.11
13,23.82
14,20.84
15,21.99
16,22.53
17,17.9
18,16.36
19,16.3
20,11.17
21,11.25
22,9.25
23,6.69
0,5.89
1,7.09
2,7.36
3,8.05
4,8.8
5,11.38
6,14.88
7,16.46
8,17.58
9,20.62
10,19.59
11,22.22
12,25.06
13,24.79
14,23.55
15,19.36
16,21.35
17,16.95
18,17.74
19,16.61
20,13.35
21,10.53
22,8.99
23,9.48
0,6.33
1,8.33
2,9.12
3,7.44
4,11.79
5,11.53
6,12.37
7,15.26
8,18.81
9,18.55
10,21.06
11,24.41
12,23.57
13,22.19
14,22.78
15,21.57
16,21.85
17,17.34
18,16.28
19,15.81
20,13.68
21,9.0
22,10.37
23,6.75
0,7.96
1,8.61
2,8.44
3,9.36
4,8.97
5,11.51
6,13.73
7,14.77
8,16.62
9,18.88
10,20.6
11,22.23
12,22.15
13,23.28
14,22.41
15,23.53
16,18.55
17,19.68
18,16.63
19,13.74
20,11.84
21,10.42
22,9.24
23,6.21
0,5.12
1,6.13
2,6.29
3,9.82
4,12.27
5,10.57
6,13.64
7,16.28
8,17.26
9,17.57
10,19.45
11,22.24
12,24.25
13,21.02
14,23.7
15,22.91
16,19.94
17,18.96
18,15.56
19,16.87
20,12.71
21,11.42
22,13.61
23,7.14
0,5.77
1,7.98
2,8.74
3,8.11
4,7.67
5,11.86
6,12.94
7,15.37
8,17.0
9,19.09
10,20.57
11,22.65
12,24.32
13,23.44
14,23.91
15,21.37
16,20.21
17,17.14
18,17.44
19,17.65
20,14.01
21,11.92
22,9.8
23,7.35
0,7.51
1,5.82
2,8.35
3,7.5
4,7.6
5,11.05
6,13.12
7,13.34
8,18.03
9,18.78
10,22.24
11,19.77
12,22.98
13,21.91
14,23.52
15,21.79
16,18.65
17,19.67
18,18.39
19,15.02
20,13.04
21,11.28
22,8.6
23,8.49
0,7.1
1,7.46
2,8.25
3,8.39
4,9.18
5,12.22
6,12.07
7,16.56
8,19.76
9,18.85
10,21.01
11,22.23
12,24.31
13,21.96
14,22.32
15,23.58
16,23.48
17,18.87
18,17.89
19,13.34
20,12.88
21,12.44
22,9.15
23,8.08
0,10.52
1,6.17
2,5.8
3,8.58
4,8.68
5,12.53
6,12.56
7,17.61
8,18.63
9,17.59
10,18.98
11,21.41
12,22.9
13,25.62
14,23.44
15,21.94
16,20.87
17,19.5
18,17.09
19,16.64
20,13.57
21,9.86
22,9.18
23,7.13
0,5.37
1,5.17
2,7.12
3,8.84
4,10.9
5,10.42
6,13.3
7,16.46
8,16.19
9,18.74
10,21.17
11,22.32
12,24.49
13,22.94
14,21.09
15,22.63
16,19.63
17,18.83
18,16.48
19,14.84
20,12.97
21,9.21
22,8.19
23,7.18
0,7.57
1,6.45
2,8.69
3,9.06
4,8.36
5,12.47
6,12.45
7,14.28
8,16.75
9,19.06
10,20.02
11,22.8
12,24.08
13,21.2
14,23.82
15,20.99
16,21.8
17,19.21
18,17.67
19,15.98
20,13.65
21,12.75
22,10.79
23,9.64
0,7.2
1,6.39
2,5.7
3,7.66
4,8.37
5,11.25
6,9.84
7,14.84
8,15.91
9,19.74
10,20.41
11,21.95
12,23.4
13,24.77
14,21.12
15,21.44
16,20.11
17,20.57
18,19.48
19,15.99
20,13.34
21,11.77
22,9.11
23,8.61
0,8.84
1,8.37
2,7.68
3,8.45
4,9.24
5,12.81
6,11.98
7,14.43
8,16.46
9,18.25
10,21.81
11,21.85
12,22.36
13,24.48
14,23.13
15,21.4
16,19.93
17,19.65
18,16.45
19,14.5
20,13.92
21,13.05
22,11.45
23,7.84
0,8.52
1,7.01
2,8.14
3,9.01
4,8.65
5,10.09
6,12.45
7,16.23
8,18.29
9,18.56
10,20.86
11,21.75
12,23.25
13,23.3
14,21.79
15,23.53
16,21.12
17,19.8
18,17.78
19,14.29
20,13.38
21,10.68
22,12.52
23,7.74
0,5.41
1,8.43
2,6.28
3,7.15
4,12.29
5,10.71
6,11.08
7,15.72
8,16.16
9,18.98
10,20.89
11,22.0
12,23.79
13,21.51
14,23.66
15,20.78
16,21.45
17,17.7
18,17.0
19,14.54
20,12.75
21,11.74
22,11.49
23,8.86
0,8.22
1,9.07
2,6.76
3,7.35
4,6.41
5,11.37
6,12.5
7,18.13
8,17.6
9,21.15
10,20.65
11,22.74
12,25.21
13,20.49
14,21.35
15,21.99
16,19.49
17,17.86
18,16.11
19,14.62
20,12.66
21,9.9
22,8.94
23,4.66
0,6.25
1,8.73
2,8.65
3,9.1
4,9.46
5,12.15
6,14.59
7,14.93
8,17.05
9,19.19
10,20.82
11,22.83
12,22.99
13,25.4
14,23.35
15,21.08
16,20.54
17,20.29
18,16.56
19,13.97
20,13.57
21,10.72
22,6.7
23,7.45
0,5.54
1,7.58
2,5.92
3,7.2
4,8.96
5,11.57
6,12.14
7,14.35
8,17.15
9,18.37
10,19.57
11,22.95
12,21.57
13,22.14
14,22.49
15,21.21
16,22.38
17,18.0
18,15.91
19,15.05
20,13.42
21,12.46
22,8.93
23,10.43
0,7.89
1,6.64
2,8.51
3,7.24
4,9.1
5,12.41
6,13.23
7,14.01
8,16.6
9,19.45
10,19.49
11,21.72
12,22.92
13,23.45
14,23.76
15,21.87
16,22.59
17,18.29
18,15.51
19,14.48
20,11.98
21,11.04
22,10.17
23,8.34
0,9.17
1,5.99
2,7.4
3,7.36
4,9.16
5,11.43
6,11.84
7,14.87
8,17.67
9,17.19
10,18.38
11,19.44
12,24.45
13,24.2
14,23.23
15,19.53
16,21.8
17,15.33
18,19.82
19,15.54
20,13.91
21,12.7
22,8.89
23,7.08
0,5.66
1,6.89
2,6.5
3,9.21
4,9.55
5,10.54
6,14.1
7,16.14
8,17.29
9,18.88
10,20.22
11,23.29
12,23.02
13,22.21
14,21.6
15,21.88
16,21.68
17,19.76
18,16.0
19,12.23
20,12.14
21,12.82
22,9.91
23,10.54
0,7.36
1,4.51
2,7.56
3,10.03
4,10.96
5,10.98
6,12.51
7,14.34
8,17.95
9,19.48
10,21.37
11,22.15
12,24.31
13,23.76
14,21.73
15,22.46
16,20.28
17,18.67
18,18.48
19,16.6
20,12.85
21,11.71
22,7.74
23,7.34
0,7.32
1,7.77
2,8.73
3,8.4
4,9.65
5,12.29
6,11.85
7,16.08
8,17.9
9,18.98
10,19.08
11,23.59
12,22.49
13,23.52
14,21.93
15,22.17
16,21.86
17,18.38
18,17.31
19,16.41
20,12.49
21,10.3
22,10.67
23,6.49
0,6.79
1,7.61
2,8.68
3,6.06
4,9.71
5,11.79
6,13.52
7,14.07
8,16.92
9,18.33
10,18.9
11,21.98
12,21.33
13,23.86
14,21.02
15,22.36
16,18.38
17,18.83
18,16.25
19,14.2
20,12.23
21,12.09
22,10.08
23,5.79
0,5.53
1,9.11
2,9.71
3,10.23
4,9.72
5,8.73
6,12.86
7,14.72
8,19.11
9,19.77
10,18.96
11,20.82
12,20.65
13,22.03
14,23.59
15,23.62
16,22.39
17,18.03
18,16.33
19,14.27
20,16.18
21,12.3
22,9.26
23,8.27
0,5.94
1,6.1
2,7.47
3,11.61
4,7.45
5,13.09
6,13.59
7,14.55
8,14.47
9,17.49
10,21.31
11,21.38
12,22.58
13,21.14
14,22.38
15,21.37
16,21.08
17,20.06
18,16.45
19,15.44
20,12.16
21,12.4
22,10.64
23,8.69
0,7.42
1,7.45
2,7.85
3,8.87
4,12.51
5,8.58
6,10.9
7,14.22
8,18.18
9,19.65
10,21.91
11,22.97
12,22.38
13,21.61
14,20.81
15,22.29
16,20.94
17,20.1
18,19.99
19,14.74
20,11.93
21,10.88
22,11.34
23,8.8
0,7.07
1,7.62
2,8.62
3,8.39
4,10.62
5,8.66
6,12.58
7,15.97
8,17.22
9,19.56
10,22.98
11,20.94
12,21.86
13,22.54
14,21.7
15,22.98
16,17.87
17,19.58
18,17.27
19,15.27
20,12.9
21,11.23
22,8.61
23,7.33
0,5.14
1,8.47
2,6.04
3,7.52
4,9.43
5,8.91
6,12.27
7,16.21
8,17.59
9,18.93
10,20.9
11,23.42
12,24.29
13,25.3
14,23.15
15,23.14
16,20.46
17,16.85
18,17.6
19,14.56
20,12.3
21,8.12
22,8.79
23,5.74
0,5.49
1,6.5
2,5.06
3,7.89
4,8.7
5,9.61
6,12.57
7,14.46
8,16.0
9,19.03
10,21.08
11,20.74
12,23.56
13,24.53
14,24.15
15,21.09
16,22.23
17,19.92
18,16.66
19,12.94
20,16.16
21,12.07
22,10.17
23,7.75
0,7.86
1,9.08
2,8.76
3,8.25
4,9.71
5,12.25
6,13.61
7,14.54
8,18.33
9,18.13
10,22.03
11,21.38
12,24.32
13,23.93
14,21.31
15,22.41
16,21.41
17,18.44
18,17.52
19,15.74
20,14.67
21,10.97
22,9.83
23,7.92
0,7.09
1,6.91
2,6.11
3,7.25
4,10.58
5,12.41
6,13.52
7,16.19
8,18.08
9,16.79
10,19.35
11,20.98
12,23.64
13,21.89
14,22.68
15,22.93
16,19.85
17,19.03
18,17.56
19,16.59
20,12.48
21,11.62
22,8.0
23,8.15
0,8.68
1,6.52
2,8.25
3,8.48
4,7.97
5,11.34
6,13.85
7,13.94
8,18.09
9,18.57
10,20.67
11,21.66
12,22.03
13,23.61
14,22.96
15,22.31
16,18.94
17,18.84
18,16.47
19,16.18
20,12.66
21,10.94
22,9.45
23,9.83
0,5.74
1,5.39
2,7.53
3,6.81
4,7.78
5,10.11
6,12.45
7,14.52
8,18.01
9,19.81
10,19.27
11,20.69
12,20.49
13,22.24
14,23.12
15,21.19
16,22.66
17,17.77
18,17.3
19,13.22
20,11.34
21,10.69
22,8.63
23,10.68
0,8.63
1,6.3
2,7.33
3,8.98
4,10.99
5,10.6
6,13.35
7,18.09
8,19.24
9,19.28
10,21.29
11,21.28
12,23.38
13,23.73
14,23.32
15,22.01
16,18.89
17,19.06
18,17.56
19,12.95
20,15.01
21,11.23
22,11.06
23,8.42
0,7.89
1,7.96
2,6.17
3,8.03
4,7.95
5,11.29
6,10.81
7,15.88
8,19.6
9,20.19
10,19.41
11,21.48
12,23.59
13,22.63
14,21.58
15,19.51
16,19.41
17,17.86
18,15.75
19,14.74
20,11.54
21,10.52
22,9.71
23,9.29
0,5.47
1,7.35
2,8.93
3,7.53
4,9.71
5,9.56
6,11.04
7,16.8
8,17.27
9,18.84
10,20.38
11,20.03
12,23.05
13,24.08
14,22.67
15,22.39
16,21.43
17,19.08
18,16.58
19,14.35
20,14.21
21,11.65
22,8.58
23,7.53
0,7.11
1,5.89
2,7.54
3,8.75
4,12.79
5,10.86
6,12.1
7,14.42
8,17.57
9,19.28
10,20.01
11,21.3
12,23.95
13,23.74
14,21.6
15,20.0
16,20.15
17,18.62
18,17.5
19,15.46
20,10.8
21,11.56
22,8.58
23,6.9
0,8.44
1,6.85
2,8.05
3,7.01
4,9.86
5,10.87
6,11.82
7,14.72
8,14.91
9,19.46
10,21.89
11,23.51
12,21.34
13,22.98
14,21.4
15,21.28
16,19.77
17,19.34
18,16.99
19,14.29
20,11.77
21,9.18
22,10.14
23,7.7
0,8.56
1,6.51
2,7.94
3,6.32
4,11.33
5,9.24
6,10.46
7,15.03
8,15.71
9,18.84
10,20.24
11,21.5
12,21.91
13,24.58
14,21.92
15,22.62
16,21.8
17,20.7
18,16.49
19,16.42
20,12.72
21,11.3
22,9.56
23,9.6
0,5.47
1,6.74
2,6.98
3,8.56
4,8.94
5,10.38
6,13.36
7,15.96
8,16.16
9,19.86
10,22.32
11,22.17
12,23.35
13,21.78
14,22.25
15,21.71
16,19.76
17,18.7
18,16.48
19,16.21
20,11.72
21,10.77
22,9.75
23,6.65
0,7.91
1,6.64
2,6.66
3,7.28
4,8.81
5,10.69
6,11.23
7,18.05
8,18.44
9,17.37
10,21.1
11,22.02
12,21.02
13,23.7
14,22.42
15,18.7
16,21.6
17,16.3
18,18.91
19,15.2
20,11.61
21,8.37
22,9.67
23,8.39
0,5.83
1,7.26
2,7.97
3,8.31
4,9.19
5,11.17
6,13.2
7,16.57
8,17.65
9,19.75
10,22.37
11,25.34
12,22.34
13,23.36
14,24.24
15,21.21
16,18.14
17,20.16
18,14.54
19,14.9
20,16.14
21,10.51
22,5.35
23,8.77
0,8.73
1,5.78
2,5.53
3,7.32
4,6.57
5,10.55
6,12.85
7,14.6
8,15.51
9,19.35
10,20.04
11,21.99
12,24.23
13,23.47
14,23.66
15,21.11
16,20.45
17,19.61
18,16.4
19,14.34
20,14.34
21,10.92
22,11.13
23,7.38
0,5.9
1,7.96
2,5.15
3,8.86
4,11.89
5,11.75
6,13.08
7,15.26
8,15.58
9,19.26
10,19.87
11,19.18
12,23.05
13,22.29
14,21.42
15,19.61
16,22.03
17,19.22
18,18.12
19,14.66
20,14.51
21,10.51
22,10.71
23,8.54
0,5.73
1,6.62
2,8.31
3,8.49
4,8.91
5,11.32
6,12.44
7,14.33
8,17.93
9,16.78
10,20.24
11,22.07
12,23.19
13,23.57
14,23.36
15,21.67
16,20.29
17,18.38
18,16.81
19,15.81
20,12.69
21,12.21
22,10.36
23,7.69
0,6.82
1,6.25
2,8.01
3,6.93
4,8.13
5,13.17
6,12.41
7,14.66
8,16.29
9,19.17
10,19.64
11,21.35
12,23.81
13,24.61
14,22.53
15,19.79
16,20.59
17,16.91
18,18.22
19,16.35
20,12.03
21,11.69
22,8.57
23,8.97
0,7.4
1,6.83
2,6.93
3,7.69
4,10.39
5,11.06
6,13.13
7,13.6
8,19.23
9,15.95
10,21.54
11,20.9
12,21.51
13,24.22
14,24.24
15,22.71
16,20.15
17,17.54
18,18.84
19,13.42
20,10.85
21,8.91
22,12.4
23,7.99
0,7.17
1,9.78
2,9.29
3,9.41
4,10.42
5,12.41
6,13.26
7,14.79
8,17.47
9,20.09
10,20.16
11,22.62
12,21.4
13,25.77
14,23.66
15,23.32
16,21.93
17,18.04
18,17.05
19,15.23
20,13.72
21,10.68
22,10.05
23,8.92
0,8.77
1,8.4
2,6.88
3,8.13
4,10.67
5,10.25
6,13.08
7,16.32
8,15.06
9,20.05
10,20.81
11,22.23
12,23.07
13,23.7
14,21.53
15,22.28
16,20.52
17,19.75
18,16.42
19,14.88
20,13.62
21,9.43
22,10.25
23,9.78
0,8.52
1,5.74
2,8.71
3,10.13
4,8.43
5,9.81
6,14.79
7,13.37
8,16.33
9,17.82
10,19.2
11,21.86
12,24.0
13,20.94
14,22.09
15,21.3
16,22.97
17,17.83
18,18.33
19,14.73
20,13.58
21,11.28
22,9.27
23,6.57
0,6.69
1,5.47
2,6.2
3,9.04
4,8.73
5,9.35
6,14.03
7,15.06
8,16.65
9,19.16
10,21.22
11,22.56
12,23.9
13,22.98
14,23.58
15,20.56
16,19.44
17,21.75
18,18.12
19,14.12
20,14.0
21,10.31
22,9.14
23,8.79
0,9.35
1,6.66
2,8.65
3,7.82
4,7.7
5,11.36
6,13.49
7,14.56
8,18.96
9,20.59
10,20.0
11,22.98
12,23.46
13,22.78
14,24.92
15,22.39
16,19.92
17,17.93
18,17.51
19,15.17
20,13.46
21,12.72
22,8.02
23,7.16
0,8.1
1,5.13
2,8.74
3,9.47
4,10.74
5,11.52
6,11.82
7,14.78
8,18.51
9,19.29
10,21.1
11,20.88
12,22.75
13,23.46
14,22.83
15,21.13
16,21.31
17,20.73
18,17.19
19,14.07
20,12.88
21,9.8
22,11.61
23,7.5
0,7.48
1,7.27
2,7.36
3,9.42
4,9.17
5,12.2
6,12.61
7,14.03
8,17.91
9,18.26
10,19.43
11,21.21
12,23.6
13,21.48
14,22.35
15,21.15
16,20.06
17,18.77
18,14.58
19,15.36
20,13.23
21,11.48
22,10.9
23,9.01
0,6.65
1,5.7
2,7.68
3,8.64
4,9.42
5,11.93
6,11.07
7,14.53
8,17.89
9,23.9
10,21.46
11,22.11
12,22.36
13,21.92
14,21.86
15,22.08
16,18.89
17,19.32
18,17.67
19,14.52
20,12.06
21,11.03
22,8.14
23,9.11
0,6.83
1,7.8
2,6.62
3,8.4
4,12.09
5,12.45
6,13.83
7,15.69
8,17.49
9,20.19
10,20.6
11,21.14
12,20.73
13,24.17
14,22.12
15,19.67
16,20.29
17,20.02
18,19.5
19,16.04
20,11.49
21,10.98
22,9.24
23,7.83
0,6.56
1,6.2
2,8.38
3,9.16
4,6.68
5,12.74
6,13.05
7,15.04
8,17.26
9,21.06
10,21.31
11,22.42
12,23.91
13,23.35
14,23.94
15,22.23
16,19.68
17,18.1
18,17.21
19,14.96
20,12.02
21,8.66
22,7.77
23,7.47
0,7.29
1,9.41
2,7.41
3,8.37
4,10.05
5,11.16
6,12.92
7,14.89
8,18.43
9,18.02
10,20.58
11,22.32
12,21.49
13,25.3
14,21.78
15,21.87
16,19.37
17,17.43
18,13.29
19,15.98
20,11.01
21,10.53
22,8.63
23,6.85
0,6.38
1,5.1
2,7.96
3,6.23
4,8.65
5,13.35
6,12.15
7,13.92
8,17.19
9,18.04
10,21.35
11,20.34
12,20.09
13,21.9
14,23.14
15,21.73
16,19.35
17,21.89
18,16.72
19,16.08
20,13.57
21,10.58
22,10.25
23,9.82
0,9.15
1,6.42
2,8.7
3,8.29
4,10.41
5,9.96
6,12.0
7,13.21
8,17.92
9,18.94
10,21.33
11,21.23
12,22.05
13,24.38
14,20.99
15,22.2
16,21.77
17,19.43
18,16.1
19,14.99
20,12.51
21,11.41
22,10.93
23,7.94
0,8.06
1,8.58
2,6.61
3,7.5
4,9.82
5,8.98
6,13.48
7,16.96
8,15.83
9,19.12
10,21.75
11,22.11
12,23.04
13,25.61
14,24.31
15,23.72
16,22.42
17,18.39
18,14.74
19,14.23
20,11.71
21,12.14
22,10.55
23,9.24
0,7.88
1,8.57
2,7.07
3,6.97
4,9.92
5,11.84
6,12.73
7,15.63
8,18.44
9,19.09
10,21.36
11,21.79
12,22.63
13,22.03
14,24.23
15,21.91
16,20.79
17,18.17
18,18.3
19,14.33
20,12.49
21,13.25
22,10.46
23,7.81
0,7.0
1,8.34
2,8.52
3,8.04
4,9.26
5,7.84
6,12.69
7,14.83
8,14.49
9,19.53
10,18.75
11,23.72
12,23.94
13,22.67
14,23.5
15,22.66
16,19.78
17,20.41
18,18.38
19,14.66
20,14.03
21,13.38
22,9.65
23,8.22
0,6.19
1,7.54
2,7.88
3,11.08
4,10.09
5,11.86
6,11.63
7,13.24
8,17.17
9,19.42
10,20.62
11,23.29
12,21.57
13,21.99
14,22.74
15,23.16
16,19.21
17,18.83
18,18.25
19,13.56
20,12.91
21,11.74
22,9.7
23,7.25
0,6.62
1,6.06
2,5.89
3,7.89
4,9.67
5,10.45
6,14.31
7,14.17
8,19.6
9,18.81
10,21.29
11,21.33
12,21.13
13,24.91
14,21.78
15,21.9
16,18.55
17,18.43
18,17.62
19,15.99
20,13.43
21,10.77
22,7.5
23,8.57
0,7.81
1,8.54
2,7.02
3,9.01
4,9.5
5,12.07
6,13.42
7,15.1
8,14.7
9,16.9
10,22.53
11,21.35
12,22.86
13,20.73
14,22.3
15,23.19
16,16.65
17,19.85
18,17.14
19,13.65
20,11.03
21,10.91
22,10.1
23,6.81
0,7.63
1,7.02
2,8.11
3,9.07
4,10.12
5,12.33
6,12.68
7,13.62
8,18.73
9,18.84
10,19.94
11,21.61
12,21.75
13,22.98
14,21.34
15,20.36
16,19.66
17,20.54
18,16.5
19,13.51
20,11.48
21,12.54
22,9.89
23,8.07
0,7.5
1,6.57
2,8.38
3,9.72
4,11.59
5,7.98
6,13.68
7,12.79
8,17.08
9,19.29
10,21.91
11,22.17
12,23.04
13,23.09
14,23.34
15,22.43
16,22.27
17,19.72
18,18.32
19,16.28
20,11.12
21,10.39
22,9.04
23,7.8
0,7.59
1,6.64
2,7.88
3,9.76
4,7.58
5,11.48
6,14.29
7,16.65
8,16.91
9,19.12
10,20.92
11,22.9
12,20.65
13,22.52
14,22.9
15,20.6
16,21.15
17,18.32
18,18.42
19,15.24
20,12.21
21,10.29
22,10.63
23,8.6
0,8.29
1,7.6
2,7.95
3,6.94
4,10.13
5,10.56
6,13.28
7,14.23
8,16.08
9,19.12
10,20.82
11,21.58
12,20.76
13,24.56
14,23.0
15,21.67
16,19.65
17,19.95
18,16.31
19,13.39
20,13.23
21,12.11
22,10.36
23,5.7
0,5.99
1,7.6
2,6.92
3,5.83
4,10.14
5,9.95
6,14.02
7,16.64
8,19.92
9,17.69
10,21.1
11,21.85
12,22.74
13,23.91
14,22.35
15,21.77
16,21.54
17,19.13
18,16.34
19,16.42
20,12.9
21,9.99
22,7.24
23,8.6
0,5.24
1,5.51
2,7.49
3,9.71
4,8.85
5,10.27
6,11.89
7,15.85
8,15.3
9,19.33
10,19.94
11,22.71
12,21.73
13,22.14
14,20.79
15,22.72
16,20.7
17,19.14
18,16.88
19,14.38
20,13.79
21,11.36
22,8.04
23,5.54
0,6.99
1,9.46
2,5.56
3,9.1
4,9.48
5,12.78
6,13.18
7,13.83
8,16.84
9,18.61
10,21.08
11,21.03
12,21.43
13,21.2
14,22.7
15,24.78
16,20.76
17,20.55
18,19.55
19,13.68
20,14.65
21,11.21
22,10.31
23,7.7
0,7.51
1,6.09
2,7.7
3,9.41
4,11.58
5,10.21
6,15.99
7,13.53
8,15.56
9,19.7
10,18.94
11,20.93
12,25.29
13,25.15
14,22.84
15,22.98
16,20.21
17,18.28
18,16.81
19,15.8
20,11.95
21,14.44
22,8.7
23,8.11
0,6.22
1,7.47
2,8.26
3,7.05
4,8.65
5,10.89
6,16.28
7,14.54
8,16.41
9,17.9
10,19.73
11,21.6
12,24.98
13,25.74
14,22.02
15,22.5
16,21.02
17,18.92
18,16.2
19,16.08
20,12.86
21,12.32
22,11.11
23,7.28
0,7.22
1,7.52
2,7.57
3,8.73
4,9.66
5,11.41
6,13.38
7,13.63
8,17.95
9,16.55
10,20.11
11,20.43
12,19.85
13,20.97
14,21.37
15,19.84
16,20.96
17,19.64
18,15.34
19,13.38
20,13.57
21,11.44
22,9.05
23,6.8
0,7.3
1,6.62
2,8.38
3,6.31
4,6.75
5,10.63
6,14.59
7,15.43
8,18.07
9,20.55
10,21.57
11,21.44
12,22.09
13,23.27
14,23.29
15,21.16
16,21.12
17,19.71
18,15.5
19,15.35
20,12.23
21,12.01
22,8.8
23,7.57
0,8.54
1,5.46
2,7.39
3,9.26
4,8.13
5,11.98
6,15.09
7,12.21
8,17.28
9,20.26
10,21.01
11,21.93
12,22.68
13,22.0
14,20.19
15,20.03
16,21.33
17,17.62
18,17.07
19,15.4
20,14.17
21,8.6
22,8.95
23,10.19
0,6.31
1,6.69
2,5.17
3,7.51
4,10.23
5,10.74
6,12.19
7,15.3
8,17.21
9,17.63
10,20.28
11,21.35
12,22.5
13,22.86
14,21.19
15,23.04
16,20.55
17,21.24
18,17.61
19,14.91
20,14.03
21,9.69
22,11.16
23,8.08
0,6.52
1,6.35
2,6.06
3,10.12
4,7.17
5,11.76
6,11.02
7,14.03
8,17.54
9,19.64
10,19.55
11,22.05
12,23.27
13,21.69
14,23.7
15,22.9
16,22.93
17,15.9
18,17.37
19,16.26
20,13.91
21,10.91
22,8.39
23,7.73
0,8.23
1,6.2
2,9.27
3,8.73
4,8.16
5,11.88
6,11.45
7,14.72
8,16.15
9,20.0
10,22.19
11,22.49
12,22.7
13,20.96
14,22.15
15,23.13
16,20.74
17,16.86
18,18.13
19,15.39
20,14.5
21,12.15
22,10.09
23,6.48
0,7.21
1,7.85
2,5.91
3,7.1
4,8.52
5,11.61
6,14.43
7,16.6
8,17.06
9,20.04
10,21.12
11,21.66
12,19.48
13,25.41
14,21.89
15,21.48
16,20.22
17,20.95
18,17.95
19,18.1
20,13.82
21,9.25
22,11.66
23,8.38
0,5.97
1,6.56
2,7.04
3,9.93
4,7.4
5,9.94
6,12.85
7,13.93
8,16.07
9,21.8
10,18.86
11,24.08
12,22.12
13,21.6
14,23.85
15,23.55
16,21.25
17,19.41
18,15.21
19,12.94
20,13.13
21,10.73
22,8.58
23,7.65
0,5.61
1,6.3
2,6.91
3,8.72
4,9.63
5,12.06
6,13.1
7,14.47
8,18.29
9,20.79
10,21.22
11,20.75
12,21.14
13,24.17
14,22.2
15,21.52
16,19.06
17,19.58
18,17.54
19,17.37
20,13.62
21,9.21
22,8.62
23,8.8
0,7.58
1,7.89
2,8.6
3,9.5
4,8.17
5,11.39
6,12.91
7,15.73
8,19.59
9,18.89
10,20.09
11,23.41
12,21.34
13,23.23
14,23.35
15,20.41
16,20.75
17,18.85
18,19.08
19,15.02
20,13.49
21,11.23
22,8.49
23,9.18
0,9.69
1,5.91
2,7.94
3,9.19
4,7.88
5,12.06
6,11.91
7,15.55
8,18.75
9,18.89
10,22.84
11,21.9
12,23.5
13,21.37
14,21.98
15,22.88
16,22.24
17,16.79
18,19.16
19,14.76
20,14.63
21,10.33
22,7.47
23,7.22
0,10.05
1,6.5
2,6.89
3,8.29
4,10.48
5,11.19
6,13.0
7,14.32
8,16.47
9,21.5
10,22.01
11,23.1
12,24.3
13,22.62
14,24.52
15,20.0
16,20.43
17,19.97
18,17.83
19,16.3
20,11.75
21,10.57
22,9.11
23,7.57
0,7.39
1,7.26
2,5.49
3,9.69
4,9.4
5,12.52
6,14.72
7,15.32
8,18.77
9,19.19
10,20.94
11,21.4
12,21.32
13,22.15
14,23.26
15,22.15
16,21.85
17,20.13
18,15.0
19,15.24
20,13.13
21,11.2
22,9.38
23,8.05
0,6.99
1,7.66
2,5.4
3,8.46
4,9.41
5,12.56
6,13.18
7,15.27
8,17.83
9,21.29
10,19.52
11,20.95
12,23.63
13,22.89
14,25.08
15,22.8
16,20.03
17,19.13
18,18.87
19,15.45
20,12.16
21,11.3
22,8.04
23,8.4
0,7.56
1,8.25
2,4.31
3,6.98
4,8.78
5,11.65
6,15.9
7,14.75
8,17.94
9,17.9
10,22.07
11,22.84
12,21.94
13,24.76
14,23.98
15,23.26
16,21.08
17,18.42
18,16.78
19,14.78
20,12.88
21,9.66
22,10.09
23,7.55
0,7.73
1,6.53
2,7.77
3,7.19
4,7.39
5,10.39
6,13.46
7,14.37
8,17.24
9,18.62
10,21.44
11,21.1
12,21.26
13,25.63
14,23.38
15,21.84
16,21.21
17,19.15
18,17.18
19,13.87
20,12.22
21,11.4
22,7.61
23,8.82
0,9.77
1,6.44
2,8.72
3,8.32
4,10.7
5,10.38
6,12.02
7,14.38
8,19.13
9,20.3
10,21.6
11,22.94
12,22.39
13,24.64
14,21.92
15,22.64
16,18.64
17,18.39
18,18.06
19,14.73
20,12.57
21,11.23
22,9.29
23,8.15
0,7.94
1,5.27
2,5.34
3,4.62
4,8.27
5,10.66
6,12.47
7,14.87
8,17.38
9,17.38
10,19.9
11,20.78
12,19.96
13,22.98
14,21.95
15,20.99
16,19.69
17,17.61
18,17.61
19,13.56
20,13.03
21,9.08
22,10.75
23,9.12
0,8.22
1,5.21
2,6.93
3,6.64
4,9.08
5,10.39
6,14.23
7,14.58
8,17.44
9,20.9
10,22.69
11,22.08
12,24.16
13,24.76
14,23.56
15,22.31
16,19.22
17,16.77
18,16.91
19,15.21
20,12.15
21,11.9
22,8.6
23,7.94
0,7.32
1,6.13
2,5.75
3,6.98
4,8.95
5,11.28
6,12.44
7,15.09
8,17.36
9,17.49
10,20.74
11,21.45
12,23.04
13,23.75
14,22.96
15,22.34
16,21.29
17,19.7
18,15.95
19,15.58
20,11.4
21,10.65
22,10.62
23,9.14
0,7.71
1,5.31
2,6.34
3,9.62
4,8.77
5,12.63
6,12.09
7,15.08
8,16.93
9,19.34
10,21.66
11,21.89
12,22.37
13,25.27
14,24.11
15,22.98
16,21.3
17,19.59
18,17.93
19,13.38
20,14.91
21,11.06
22,8.88
23,8.36
0,6.74
1,6.42
2,5.07
3,10.57
4,9.64
5,10.03
6,12.89
7,14.26
8,17.24
9,19.55
10,18.94
11,20.27
12,22.92
13,22.67
14,23.38
15,21.15
16,20.67
17,19.62
18,18.87
19,14.19
20,10.48
21,9.05
22,9.84
23,6.75
0,5.31
1,4.78
2,7.79
3,8.42
4,10.02
5,10.49
6,12.24
7,14.06
8,17.85
9,21.05
10,22.9
11,20.36
12,22.27
13,22.23
14,24.87
15,22.62
16,19.41
17,19.99
18,15.44
19,15.76
20,14.63
21,9.82
22,9.43
23,9.41
0,9.22
1,5.87
2,9.6
3,5.82
4,9.09
5,11.59
6,11.42
7,14.68
8,17.88
9,18.22
10,21.26
11,22.62
12,23.07
13,22.02
14,22.98
15,22.16
16,21.39
17,17.74
18,18.4
19,15.13
20,11.9
21,12.39
22,10.71
23,6.84
0,6.71
1,7.05
2,6.01
3,6.41
4,9.68
5,10.24
6,13.8
7,13.01
8,18.24
9,20.33
10,22.09
11,21.12
12,22.55
13,22.86
14,21.74
15,23.84
16,18.24
17,18.22
18,17.38
19,12.78
20,13.03
21,10.77
22,8.56
23,9.06
0,8.14
1,5.67
2,6.79
3,8.85
4,10.72
5,10.88
6,14.05
7,16.71
8,16.31
9,20.1
10,20.72
11,21.24
12,22.99
13,24.05
14,21.84
15,21.72
16,20.75
17,23.15
18,14.3
19,13.21
20,12.63
21,10.44
22,8.98
23,8.14
0,8.73
1,5.76
2,7.62
3,8.14
4,9.32
5,10.52
6,12.67
7,15.48
8,18.43
9,18.42
10,22.21
11,22.41
12,22.28
13,19.91
14,23.59
15,23.11
16,21.35
17,18.75
18,16.72
19,13.86
20,13.01
21,11.79
22,9.32
23,8.86
0,7.13
1,6.49
2,9.1
3,5.66
4,10.09
5,10.37
6,14.56
7,14.54
8,18.62
9,20.31
10,20.95
11,22.43
12,21.25
13,23.64
14,23.04
15,21.69
16,21.21
17,19.96
18,18.62
19,16.22
20,12.29
21,12.18
22,7.18
23,8.7
0,7.89
1,5.46
2,7.26
3,7.87
4,9.39
5,10.32
6,13.33
7,15.04
8,17.81
9,17.4
10,20.5
11,22.47
12,23.38
13,23.23
14,23.02
15,25.76
16,20.97
17,19.74
18,17.66
19,14.18
20,12.77
21,12.29
22,7.32
23,9.18
0,8.52
1,5.14
2,7.37
3,6.16
4,8.56
5,10.74
6,10.15
7,16.22
8,16.03
9,19.18
10,22.59
11,22.13
12,21.99
13,24.38
14,23.92
15,21.45
16,20.58
17,20.58
18,17.15
19,15.18
20,13.37
21,10.72
22,9.45
23,6.72
0,7.76
1,7.13
2,6.92
3,7.76
4,8.63
5,10.71
6,13.09
7,14.7
8,16.41
9,19.62
10,20.28
11,19.83
12,21.54
13,23.28
14,22.35
15,20.79
16,19.8
17,20.17
18,16.25
19,14.46
20,15.14
21,10.53
22,8.14
23,4.77
0,7.94
1,6.34
2,7.26
3,7.46
4,10.72
5,9.58
6,12.55
7,17.22
8,16.48
9,20.85
10,19.36
11,19.05
12,23.09
13,24.76
14,21.04
15,23.52
16,20.67
17,18.99
18,16.41
19,14.72
20,14.36
21,10.25
22,8.77
23,6.13
0,8.47
1,7.02
2,7.36
3,7.9
4,8.3
5,11.74
6,10.48
7,15.09
8,16.79
9,18.05
10,17.92
11,21.03
12,21.34
13,21.73
14,24.03
15,22.65
16,21.93
17,20.28
18,14.91
19,15.99
20,12.35
21,11.78
22,8.06
23,8.88
0,6.82
1,7.69
2,6.65
3,8.83
4,9.13
5,11.25
6,12.13
7,15.79
8,15.75
9,17.34
10,19.77
11,21.59
12,20.98
13,23.3
14,22.33
15,22.21
16,21.2
17,16.49
18,18.84
19,15.03
20,13.92
21,10.64
22,8.72
23,7.6
0,9.39
1,7.08
2,7.7
3,9.28
4,7.76
5,10.51
6,11.21
7,16.98
8,16.66
9,18.66
10,21.69
11,22.92
12,23.78
13,22.68
14,23.31
15,22.08
16,20.46
17,19.08
18,18.17
19,14.9
20,14.88
21,9.85
22,7.94
23,8.96
0,8.11
1,6.9
2,8.61
3,8.23
4,10.63
5,11.35
6,10.37
7,14.54
8,16.5
9,20.28
10,19.61
11,23.83
12,21.21
13,20.42
14,22.0
15,20.17
16,20.87
17,18.12
18,15.93
19,14.32
20,13.79
21,11.83
22,9.26
23,8.21
0,6.36
1,7.15
2,7.25
3,6.88
4,8.71
5,10.61
6,12.25
7,14.1
8,17.21
9,20.69
10,20.06
11,21.25
12,22.52
13,22.43
14,23.72
15,21.31
16,22.0
17,20.23
18,16.3
19,16.24
20,12.32
21,12.45
22,9.0
23,7.99
0,8.8
1,6.1
2,5.91
3,5.15
4,10.37
5,11.42
6,15.12
7,15.67
8,17.26
9,19.43
10,21.42
11,22.49
12,22.86
13,22.73
14,21.92
15,20.53
16,19.22
17,18.84
18,18.24
19,16.84
20,11.73
21,11.83
22,8.08
23,7.29
0,5.98
1,7.3
2,7.63
3,8.07
4,9.41
5,12.44
6,11.85
7,16.19
8,17.44
9,18.92
10,22.27
11,22.27
12,22.13
13,22.33
14,23.38
15,21.19
16,21.05
17,19.5
18,17.35
19,15.48
20,13.9
21,11.1
22,8.24
23,8.23
0,6.68
1,5.33
2,6.98
3,8.57
4,12.31
5,10.79
6,17.04
7,14.75
8,16.43
9,20.13
10,20.9
11,21.18
12,24.42
13,25.16
14,24.26
15,22.5
16,20.87
17,18.96
18,16.19
19,13.49
20,13.89
21,13.3
22,9.77
23,6.76
0,9.88
1,6.68
2,7.61
3,7.87
4,7.36
5,12.96
6,12.89
7,16.78
8,17.24
9,17.88
10,21.15
11,20.4
12,23.85
13,22.11
14,22.59
15,21.14
16,22.13
17,17.91
18,15.27
19,14.06
20,13.01
21,10.38
22,8.92
23,8.24
0,8.37
1,5.4
2,7.58
3,10.79
4,11.68
5,10.72
6,14.05
7,13.58
8,16.64
9,18.41
10,20.91
11,21.16
12,21.38
13,23.34
14,22.1
15,22.75
16,21.95
17,19.26
18,17.61
19,13.29
20,14.58
21,10.4
22,9.79
23,5.6
0,5.39
1,2.86
2,6.49
3,6.49
4,10.18
5,11.81
6,15.31
7,13.94
8,18.45
9,17.25
10,20.08
11,22.03
12,24.56
13,25.23
14,22.32
15,22.33
16,20.04
17,17.64
18,16.88
19,12.96
20,15.26
21,9.75
22,11.03
23,9.39
0,6.62
1,8.25
2,7.02
3,7.91
4,9.21
5,10.82
6,12.87
7,14.39
8,17.45
9,20.36
10,20.59
11,21.33
12,22.92
13,21.59
14,23.14
15,20.59
16,22.25
17,18.17
18,17.65
19,14.11
20,15.04
21,10.79
22,9.59
23,8.09
0,7.37
1,7.87
2,6.5
3,6.87
4,7.25
5,10.69
6,13.0
7,15.86
8,16.18
9,20.95
10,21.15
11,23.99
12,23.43
13,21.07
14,25.73
15,23.46
16,21.62
17,17.81
18,16.41
19,13.75
20,13.6
21,10.47
22,8.72
23,5.79
0,7.33
1,6.02
2,6.95
3,6.84
4,8.82
5,9.42
6,12.02
7,14.55
8,17.14
9,19.79
10,20.49
11,22.88
12,22.05
13,24.67
14,23.15
15,20.29
16,19.89
17,18.54
18,17.89
19,13.69
20,13.29
21,10.89
22,8.81
23,8.37
0,6.41
1,8.57
2,7.63
3,8.39
4,9.64
5,10.69
6,11.01
7,15.0
8,18.85
9,18.13
10,20.65
11,20.5
12,21.58
13,24.26
14,24.38
15,22.97
16,21.33
17,17.62
18,16.65
19,15.65
20,12.82
21,10.52
22,9.72
23,7.71
0,7.33
1,6.89
2,7.64
3,5.91
4,10.05
5,11.87
6,11.04
7,13.16
8,15.97
9,19.21
10,21.23
11,23.91
12,22.11
13,24.13
14,22.19
15,20.59
16,18.1
17,19.31
18,16.21
19,14.04
20,10.41
21,9.87
22,10.94
23,9.6
0,8.35
1,7.53
2,7.48
3,7.23
4,8.32
5,10.6
6,12.44
7,12.47
8,20.11
9,19.15
10,21.57
11,22.43
12,22.36
13,22.82
14,23.6
15,20.81
16,20.83
17,18.98
18,17.13
19,13.05
20,10.81
21,12.26
22,11.85
23,6.81
0,7.38
1,7.03
2,6.32
3,7.9
4,10.89
5,9.5
6,13.71
7,15.97
8,16.82
9,19.13
10,21.04
11,24.14
12,24.63
13,24.61
14,24.56
15,20.05
16,21.35
17,17.5
18,16.04
19,14.03
20,11.26
21,11.87
22,9.43
23,7.18
0,6.64
1,7.55
2,6.85
3,9.88
4,10.77
5,9.34
6,10.4
7,15.21
8,17.39
9,20.05
10,20.71
11,23.13
12,24.45
13,24.45
14,23.47
15,22.44
16,20.69
17,20.17
18,16.25
19,15.7
20,11.09
21,11.38
22,8.24
23,6.22
0,8.31
1,6.96
2,7.93
3,7.68
4,8.26
5,9.77
6,13.7
7,17.17
8,19.41
9,19.2
10,21.72
11,20.68
12,24.46
13,22.35
14,22.49
15,20.36
16,20.95
17,17.6
18,18.31
19,14.71
20,14.21
21,12.11
22,8.47
23,7.63
0,7.43
1,8.16
2,8.23
3,8.49
4,10.13
5,13.46
6,13.32
7,17.2
8,17.94
9,17.28
10,21.0
11,20.18
12,22.41
13,21.74
14,22.4
15,22.45
16,22.0
17,17.66
18,16.48
19,15.0
20,13.85
21,11.71
22,10.97
23,7.13
0,7.8
1,6.81
2,8.51
3,7.73
4,9.55
5,9.9
6,13.52
7,15.04
8,17.78
9,21.03
10,20.65
11,21.35
12,23.66
13,23.8
14,21.65
15,20.85
16,20.97
17,18.35
18,15.09
19,14.92
20,12.47
21,11.15
22,10.02
23,10.61
0,6.7
1,8.31
2,8.63
3,5.18
4,9.98
5,10.09
6,15.96
7,16.25
8,17.21
9,16.43
10,19.28
11,21.34
12,25.28
13,21.83
14,25.28
15,22.29
16,19.51
17,18.44
18,19.17
19,13.34
20,13.93
21,10.06
22,7.29
23,8.37
0,8.78
1,7.34
2,7.54
3,7.34
4,11.78
5,9.69
6,12.87
7,14.73
8,16.18
9,17.89
10,21.96
11,20.25
12,22.74
13,24.95
14,23.21
15,21.84
16,20.37
17,18.62
18,19.6
19,18.72
20,10.96
21,8.27
22,7.79
23,7.11
0,5.69
1,5.36
2,5.61
3,7.07
4,9.42
5,11.43
6,13.28
7,14.64
8,17.98
9,20.37
10,22.27
11,23.64
12,23.35
13,22.65
14,23.37
15,20.34
16,19.2
17,18.32
18,18.87
19,16.55
20,14.27
21,12.45
22,9.74
23,6.66
0,6.08
1,6.68
2,8.35
3,7.21
4,11.95
5,9.69
6,13.91
7,14.16
8,17.45
9,18.0
10,20.73
11,22.33
12,23.54
13,22.25
14,21.29
15,20.63
16,23.58
17,22.55
18,16.39
19,13.38
20,13.22
21,10.55
22,8.75
23,9.78
0,5.39
1,8.47
2,9.09
3,7.61
4,9.29
5,10.7
6,13.04
7,13.34
8,19.56
9,19.12
10,20.34
11,22.28
12,23.59
13,22.9
14,20.94
15,20.42
16,20.5
17,18.53
18,15.55
19,16.1
20,12.33
21,11.19
22,8.05
23,8.31
0,7.63
1,7.2
2,7.86
3,8.61
4,10.15
5,9.75
6,14.29
7,14.49
8,16.6
9,19.19
10,22.06
11,21.87
12,23.84
13,24.23
14,22.63
15,22.95
16,20.42
17,20.11
18,16.4
19,13.72
20,14.99
21,10.74
22,11.33
23,8.11
0,8.15
1,7.33
2,6.65
3,6.28
4,10.28
5,12.93
6,10.43
7,18.24
8,17.96
9,21.36
10,20.9
11,20.51
12,23.1
13,22.77
14,21.6
15,23.52
16,21.89
17,22.52
18,19.11
19,15.02
20,10.52
21,9.87
22,8.39
23,8.46
0,6.32
1,6.05
2,4.44
3,10.26
4,9.05
5,11.18
6,10.49
7,17.61
8,16.43
9,20.97
10,20.35
11,22.81
12,23.66
13,22.49
14,23.68
15,21.23
16,22.07
17,20.1
18,19.34
19,15.91
20,13.08
21,10.13
22,11.1
23,10.43
0,6.95
1,7.93
2,6.92
3,9.79
4,11.13
5,12.91
6,13.39
7,13.0
8,16.95
9,19.41
10,20.99
11,23.37
12,24.13
13,23.51
14,23.82
15,22.11
16,22.25
17,18.98
18,18.41
19,14.42
20,13.23
21,8.49
22,11.46
23,7.19
0,7.77
1,5.12
2,7.73
3,7.82
4,8.94
5,10.8
6,14.17
7,14.56
8,17.53
9,19.64
10,21.07
11,20.97
12,23.39
13,23.55
14,22.77
15,22.11
16,21.53
17,17.61
18,18.73
19,13.52
20,10.43
21,11.09
22,8.68
23,7.72
0,6.67
1,7.37
2,7.42
3,9.51
4,9.02
5,10.13
6,11.99
7,15.78
8,17.19
9,20.09
10,20.87
11,21.61
12,21.83
13,24.31
14,23.45
15,21.47
16,20.82
17,22.08
18,17.34
19,16.04
20,11.98
21,9.63
22,9.22
23,5.6
0,7.31
1,6.85
2,9.03
3,6.43
4,10.91
5,10.22
6,13.91
7,13.69
8,14.56
9,21.87
10,20.78
11,19.55
12,23.53
13,23.98
14,23.8
15,20.97
16,19.91
17,19.12
18,17.47
19,14.61
20,14.17
21,11.03
22,8.25
23,7.52
0,5.91
1,5.92
2,7.47
3,9.06
4,9.19
5,10.74
6,11.79
7,13.95
8,18.19
9,19.12
10,20.16
11,22.27
12,22.07
13,24.31
14,20.8
15,20.77
16,20.88
17,18.33
18,17.07
19,15.5
20,14.86
21,13.11
22,9.9
23,7.97
0,5.48
1,6.51
2,5.92
3,7.91
4,10.1
5,10.66
6,11.81
7,15.15
8,15.75
9,16.41
10,17.76
11,21.92
12,22.41
13,23.99
14,20.92
15,21.51
16,22.61
17,19.15
18,15.66
19,15.65
20,11.73
21,9.59
22,11.38
23,7.8
0,8.35
1,7.7
2,5.12
3,6.52
4,9.84
5,11.13
6,12.69
7,13.6
8,16.8
9,19.54
10,19.74
11,18.38
12,23.28
13,22.24
14,21.61
15,22.91
16,19.95
17,20.07
18,16.45
19,16.01
20,14.15
21,11.27
22,9.98
23,7.43
0,8.62
1,7.31
2,6.2
3,6.48
4,8.97
5,11.31
6,11.22
7,14.07
8,15.76
9,19.35
10,18.66
11,22.97
12,22.52
13,24.29
14,20.99
15,20.69
16,21.14
17,20.77
18,14.6
19,16.77
20,13.09
21,11.19
22,9.57
23,7.06
0,8.55
1,8.46
2,8.83
3,7.34
4,9.09
5,12.69
6,14.59
7,15.98
8,18.05
9,20.08
10,21.6
11,23.33
12,23.18
13,21.71
14,21.77
15,22.55
16,19.95
17,19.49
18,15.73
19,15.46
20,13.02
21,10.22
22,8.66
23,8.92
0,6.78
1,4.63
2,7.03
3,5.53
4,6.74
5,9.96
6,13.14
7,17.34
8,17.13
9,19.53
10,19.85
11,24.26
12,23.95
13,23.51
14,23.15
15,22.02
16,19.53
17,19.08
18,17.61
19,15.44
20,13.02
21,10.51
22,10.81
23,9.59
0,9.22
1,7.7
2,6.57
3,7.24
4,9.72
5,11.72
6,13.47
7,14.5
8,17.76
9,17.87
10,20.81
11,24.71
12,24.28
13,21.63
14,22.61
15,20.8
16,21.58
17,17.2
18,14.39
19,14.63
20,10.83
21,10.36
22,9.26
23,9.61
0,6.95
1,7.92
2,8.51
3,8.96
4,12.31
5,11.08
6,10.49
7,14.59
8,15.73
9,19.9
10,19.61
11,23.11
12,21.0
13,22.79
14,21.96
15,20.03
16,18.93
17,20.12
18,17.46
19,14.63
20,12.68
21,12.48
22,9.05
23,8.54
0,9.56
1,8.06
2,6.46
3,7.49
4,8.3
5,9.61
6,13.83
7,14.99
8,17.03
9,18.05
10,18.97
11,21.35
12,21.61
13,22.92
14,24.72
15,22.89
16,20.48
17,20.19
18,17.79
19,13.6
20,11.48
21,12.09
22,10.32
23,6.26
0,7.73
1,7.07
2,8.42
3,7.52
4,11.6
5,11.0
6,13.62
7,14.65
8,16.83
9,18.46
10,22.27
11,20.76
12,21.68
13,23.35
14,24.54
15,22.88
16,19.38
17,19.36
18,17.97
19,14.02
20,13.07
21,10.91
22,11.02
23,7.75
0,8.17
1,7.25
2,8.05
3,9.64
4,9.05
5,12.12
6,11.58
7,15.23
8,16.48
9,17.82
10,19.39
11,22.29
12,22.75
13,23.94
14,23.57
15,21.56
16,19.53
17,19.43
18,15.86
19,14.65
20,14.69
21,12.04
22,9.5
23,7.68
0,6.6
1,6.04
2,7.14
3,9.59
4,9.48
5,10.65
6,12.35
7,14.91
8,17.65
9,18.63
10,18.34
11,20.25
12,23.38
13,25.0
14,24.21
15,21.48
16,19.8
17,17.21
18,16.55
19,13.82
20,12.71
21,11.71
22,7.68
23,8.57
0,7.04
1,6.38
2,8.69
3,7.85
4,8.52
5,10.71
6,11.47
7,15.64
8,13.8
9,20.12
10,19.01
11,21.61
12,23.34
13,22.84
14,22.3
15,21.86
16,20.62
17,18.91
18,17.22
19,15.78
20,12.72
21,10.55
22,8.04
23,9.52
0,7.79
1,6.7
2,6.68
3,7.95
4,10.9
5,9.89
6,13.75
7,14.85
8,15.72
9,19.58
10,21.93
11,23.1
12,22.56
13,22.16
14,24.5
15,20.63
16,19.96
17,20.99
18,16.44
19,15.81
20,13.34
21,11.91
22,8.54
23,7.29
0,7.99
1,4.46
2,8.75
3,9.14
4,9.98
5,11.04
6,10.5
7,14.58
8,17.41
9,18.52
10,21.25
11,23.91
12,21.62
13,22.01
14,21.03
15,20.09
16,22.98
17,17.68
18,16.26
19,12.34
20,11.69
21,12.92
22,10.33
23,9.21
0,4.28
1,7.5
2,6.31
3,8.87
4,10.1
5,10.31
6,11.99
7,14.88
8,15.89
9,19.56
10,20.3
11,22.34
12,23.77
13,22.18
14,22.99
15,22.85
16,22.09
17,18.07
18,19.71
19,14.81
20,10.56
21,10.13
22,8.42
23,7.98
0,8.13
1,7.73
2,7.92
3,6.84
4,7.52
5,12.45
6,14.59
7,15.55
8,16.97
9,22.85
10,21.44
11,22.0
12,24.84
13,21.1
14,22.21
15,22.13
16,20.01
17,17.06
18,18.73
19,14.49
20,15.43
21,10.4
22,9.94
23,6.29
0,9.55
1,9.75
2,6.73
3,7.63
4,8.35
5,12.25
6,12.83
7,17.13
8,18.23
9,20.47
10,19.19
11,23.46
12,21.76
13,22.04
14,21.8
15,23.84
16,22.38
17,19.8
18,16.28
19,12.94
20,13.03
21,12.92
22,9.64
23,7.73
0,7.86
1,8.46
2,7.51
3,8.55
4,11.72
5,11.53
6,12.38
7,14.26
8,16.36
9,18.28
10,20.92
11,20.85
12,22.6
13,22.15
14,20.48
15,20.72
16,21.11
17,17.04
18,16.51
19,13.5
20,11.68
21,10.09
22,8.55
23,8.71
0,9.13
1,6.96
2,8.47
3,6.8
4,12.16
5,10.37
6,12.52
7,14.09
8,16.9
9,20.21
10,21.03
11,24.57
12,21.39
13,22.52
14,21.88
15,21.15
16,22.82
17,17.56
18,16.57
19,15.82
20,11.39
21,10.87
22,10.52
23,7.26
0,7.66
1,6.76
2,7.26
3,7.36
4,9.98
5,10.4
6,14.28
7,13.98
8,17.95
9,18.81
10,20.24
11,21.95
12,23.05
13,23.27
14,23.73
15,22.34
16,21.08
17,19.44
18,16.24
19,14.05
20,13.37
21,10.18
22,9.29
23,7.12
0,8.01
1,6.85
2,6.21
3,10.5
4,8.41
5,11.71
6,13.1
7,15.19
8,16.57
9,19.76
10,19.84
11,21.08
12,21.44
13,21.47
14,22.3
15,21.81
16,20.33
17,19.01
18,15.88
19,13.5
20,12.01
21,10.15
22,10.68
23,10.05
0,7.79
1,7.88
2,9.66
3,7.05
4,9.73
5,10.7
6,14.45
7,13.31
8,18.94
9,18.28
10,20.22
11,21.78
12,22.33
13,22.47
14,21.07
15,20.4
16,21.01
17,19.67
18,17.78
19,15.11
20,14.05
21,9.98
22,8.7
23,9.97
0,6.92
1,6.57
2,9.08
3,6.86
4,9.83
5,10.32
6,12.03
7,15.03
8,18.82
9,20.06
10,18.32
11,21.2
12,22.37
13,23.8
14,24.65
15,21.97
16,19.42
17,20.43
18,17.09
19,16.32
20,11.73
21,9.09
22,11.19
23,10.52
0,4.66
1,8.44
2,8.12
3,8.54
4,8.54
5,9.62
6,13.01
7,16.73
8,16.68
9,19.87
10,20.9
11,22.51
12,21.85
13,22.96
14,20.94
15,23.13
16,20.67
17,19.19
18,16.3
19,14.73
20,13.84
21,10.77
22,9.93
23,7.63
0,9.04
1,7.12
2,6.45
3,9.06
4,7.85
5,10.81
6,12.25
7,14.0
8,17.94
9,18.76
10,20.12
11,22.63
12,21.85
13,23.09
14,24.36
15,22.98
16,19.34
17,19.62
18,18.35
19,15.3
20,12.83
21,13.48
22,8.77
23,7.83
0,6.76
1,7.93
2,7.77
3,7.29
4,9.57
5,13.48
6,14.4
7,13.53
8,18.73
9,19.71
10,22.12
11,22.0
12,23.17
13,22.61
14,22.2
15,20.97
16,22.78
17,18.67
18,17.29
19,13.15
20,14.97
21,7.67
22,9.59
23,9.19
0,7.05
1,7.91
2,6.82
3,8.99
4,9.14
5,13.19
6,13.02
7,16.12
8,16.13
9,19.07
10,20.39
11,19.95
12,22.09
13,23.51
14,25.33
15,22.46
16,18.68
17,20.81
18,17.53
19,14.8
20,12.13
21,9.1
22,9.62
23,9.1
0,7.75
1,9.69
2,5.87
3,9.1
4,11.18
5,9.88
6,13.53
7,14.1
8,15.85
9,17.44
10,20.2
11,24.13
12,24.11
13,23.78
14,23.19
15,20.77
16,20.28
17,21.82
18,16.96
19,14.67
20,14.39
21,8.48
22,8.76
23,8.62
0,7.29
1,6.58
2,9.97
3,6.83
4,10.71
5,9.82
6,13.07
7,14.14
8,16.46
9,19.57
10,20.81
11,17.96
12,24.21
13,24.19
14,22.57
15,22.01
16,21.54
17,20.38
18,18.89
19,16.46
20,12.49
21,12.68
22,11.86
23,8.06
0,7.15
1,8.09
2,6.94
3,9.93
4,9.22
5,11.4
6,9.4
7,16.47
8,17.83
9,20.28
10,21.03
11,21.88
12,21.44
13,24.4
14,21.69
15,20.42
16,20.1
17,19.92
18,17.42
19,14.49
20,14.14
21,12.49
22,9.19
23,8.64
0,8.63
1,7.57
2,7.16
3,7.48
4,9.03
5,12.2
6,11.38
7,15.56
8,16.17
9,18.19
10,21.8
11,21.17
12,22.56
13,23.74
14,22.45
15,23.14
16,20.45
17,18.96
18,18.52
19,13.83
20,13.26
21,11.15
22,10.3
23,8.84
0,7.45
1,6.68
2,7.75
3,8.02
4,10.72
5,11.47
6,14.25
7,15.58
8,14.93
9,18.68
10,19.94
11,21.91
12,24.31
13,24.04
14,22.99
15,23.19
16,21.92
17,19.52
18,15.89
19,15.99
20,13.35
21,12.35
22,11.76
23,7.84
0,7.83
1,6.34
2,6.53
3,6.44
4,9.07
5,10.31
6,13.32
7,14.92
8,17.29
9,20.46
10,21.06
11,20.07
12,23.99
13,24.7
14,24.88
15,23.27
16,20.09
17,20.19
18,17.83
19,16.03
20,12.32
21,12.61
22,9.23
23,7.55
0,6.19
1,5.03
2,7.93
3,6.38
4,8.63
5,10.5
6,14.38
7,15.64
8,16.88
9,20.4
10,23.66
11,21.86
12,22.69
13,24.48
14,24.07
15,19.32
16,18.92
17,19.39
18,16.53
19,16.97
20,12.5
21,11.95
22,9.58
23,7.42
0,7.67
1,7.33
2,5.43
3,7.37
4,7.57
5,12.6
6,12.92
7,13.26
8,17.02
9,18.1
10,20.93
11,21.34
12,22.76
13,22.36
14,22.15
15,23.8
16,20.5
17,17.87
18,15.42
19,14.94
20,11.84
21,11.96
22,8.74
23,7.59
0,6.67
1,6.36
2,4.41
3,8.17
4,8.93
5,10.45
6,13.85
7,14.19
8,16.73
9,17.39
10,21.59
11,22.56
12,21.23
13,21.12
14,21.52
15,21.26
16,23.95
17,20.51
18,17.17
19,14.35
20,13.36
21,10.16
22,6.73
23,7.81
0,8.82
1,6.44
2,8.41
3,9.19
4,8.7
5,11.13
6,11.96
7,16.68
8,15.83
9,21.35
10,21.3
11,22.98
12,22.82
13,21.78
14,22.64
15,22.74
16,21.43
17,20.56
18,16.91
19,15.72
20,12.14
21,10.32
22,8.17
23,10.31
0,7.11
1,7.97
2,6.72
3,7.2
4,10.73
5,12.65
6,13.77
7,14.67
8,18.18
9,16.98
10,20.65
11,23.8
12,23.43
13,23.91
14,21.53
15,22.98
16,19.82
17,20.15
18,18.44
19,12.27
20,13.68
21,9.98
22,8.29
23,7.81
0,8.3
1,6.63
2,8.05
3,6.49
4,7.87
5,9.92
6,13.46
7,15.04
8,17.76
9,19.94
10,21.86
11,22.37
12,23.04
13,22.75
14,22.52
15,20.85
16,21.01
17,16.83
18,18.2
19,15.32
20,10.54
21,10.04
22,10.07
23,9.97
0,7.56
1,8.52
2,7.91
3,8.27
4,9.87
5,11.74
6,11.88
7,15.17
8,16.99
9,19.74
10,22.61
11,21.04
12,21.7
13,22.89
14,23.39
15,22.04
16,16.93
17,18.8
18,16.46
19,13.39
20,11.68
21,13.75
22,9.39
23,9.43
0,6.32
1,6.24
2,9.28
3,8.49
4,9.73
5,11.68
6,15.78
7,17.74
8,17.35
9,18.56
10,18.75
11,22.52
12,22.16
13,23.17
14,23.58
15,19.37
16,19.95
17,18.0
18,17.12
19,15.05
20,12.79
21,11.09
22,7.23
23,8.22
0,9.51
1,6.52
2,8.01
3,6.13
4,9.09
5,10.38
6,13.01
7,16.05
8,16.81
9,17.76
10,22.61
11,21.96
12,24.03
13,24.23
14,21.61
15,21.49
16,21.96
17,20.1
18,15.97
19,15.8
20,14.23
21,10.35
22,9.74
23,6.27
0,8.36
1,6.56
2,7.35
3,8.95
4,8.13
5,10.78
6,14.71
7,14.06
8,16.33
9,20.15
10,20.64
11,22.66
12,22.84
13,20.84
14,23.87
15,22.79
16,20.08
17,20.95
18,15.74
19,14.96
20,9.88
21,11.42
22,9.44
23,6.52
0,7.19
1,6.3
2,4.63
3,8.88
4,10.53
5,10.56
6,12.64
7,15.07
8,17.08
9,18.4
10,21.78
11,20.08
12,22.11
13,23.59
14,23.36
15,21.91
16,21.08
17,18.63
18,16.35
19,16.34
20,11.23
21,9.69
22,8.76
23,7.54
0,7.08
1,7.07
2,9.93
3,8.69
4,8.15
5,11.97
6,13.03
7,14.03
8,16.8
9,19.38
10,18.48
11,21.73
12,21.74
13,24.26
14,24.67
15,22.19
16,21.05
17,18.44
18,16.14
19,13.44
20,11.98
21,11.95
22,9.06
23,9.0
0,8.65
1,6.95
2,8.22
3,9.58
4,7.76
5,11.66
6,15.12
7,14.19
8,13.68
9,17.91
10,21.63
11,20.02
12,23.09
13,22.87
14,23.52
15,22.13
16,19.53
17,17.88
18,17.28
19,14.27
20,10.95
21,10.08
22,10.87
23,4.99
0,8.56
1,8.85
2,7.14
3,8.47
4,10.29
5,10.35
6,14.39
7,17.2
8,14.31
9,18.27
10,19.73
11,22.06
12,22.52
13,22.1
14,21.75
15,20.15
16,21.11
17,17.99
18,18.74
19,12.26
20,12.68
21,11.94
22,6.94
23,5.79
0,7.47
1,5.41
2,6.54
3,6.49
4,10.74
5,10.56
6,13.98
7,14.72
8,18.89
9,18.79
10,19.86
11,23.8
12,22.6
13,22.57
14,23.15
15,23.26
16,22.59
17,17.81
18,15.7
19,14.23
20,13.45
21,10.44
22,8.25
23,7.65
0,6.61
1,10.76
2,5.9
3,8.21
4,10.15
5,11.27
6,15.17
7,16.1
8,15.85
9,20.09
10,21.01
11,23.07
12,23.41
13,24.19
14,21.57
15,21.1
16,18.78
17,19.14
18,18.3
19,14.93
20,14.89
21,12.37
22,10.55
23,6.59
0,7.38
1,7.14
2,9.0
3,10.1
4,8.75
5,10.87
6,10.37
7,14.07
8,18.11
9,20.95
10,20.99
11,22.75
12,24.82
13,23.91
14,24.89
15,20.77
16,19.48
17,19.15
18,18.52
19,12.7
20,12.39
21,11.64
22,8.29
23,8.51
0,8.85
1,6.46
2,7.29
3,7.59
4,9.74
5,10.12
6,13.66
7,14.1
8,17.02
9,19.61
10,20.73
11,23.68
12,23.35
13,23.44
14,22.7
15,23.88
16,21.09
17,20.6
18,16.82
19,15.13
20,14.33
21,11.04
22,9.32
23,6.64
0,5.24
1,7.09
2,8.2
3,6.58
4,10.45
5,12.61
6,12.18
7,14.39
8,15.49
9,19.32
10,20.37
11,21.2
12,21.53
13,20.82
14,21.25
15,20.4
16,22.76
17,19.17
18,17.56
19,15.02
20,11.98
21,11.32
22,8.92
23,7.83
0,5.24
1,7.67
2,5.08
3,8.68
4,8.31
5,11.55
6,11.49
7,13.49
8,14.61
9,20.02
10,19.91
11,20.25
12,21.29
13,24.13
14,23.81
15,21.75
16,18.96
17,19.36
18,19.9
19,13.57
20,13.51
21,11.12
22,9.68
23,9.17
0,7.39
1,6.55
2,7.56
3,7.57
4,10.76
5,11.65
6,13.06
7,15.64
8,16.71
9,16.82
10,22.52
11,21.9
12,23.79
13,24.89
14,22.62
15,21.06
16,19.7
17,20.74
18,17.64
19,16.52
20,12.98
21,10.76
22,9.21
23,8.13
0,7.77
1,5.88
2,9.17
3,8.28
4,10.78
5,10.29
6,12.77
7,16.23
8,18.1
9,17.0
10,22.28
11,21.04
12,22.28
13,23.96
14,20.31
15,20.99
16,21.06
17,20.07
18,16.68
19,15.19
20,10.8
21,10.21
22,11.23
23,7.49
0,7.94
1,5.71
2,7.8
3,7.46
4,11.31
5,8.96
6,15.06
7,14.26
8,18.55
9,18.58
10,20.83
11,22.31
12,23.66
13,23.62
14,23.17
15,22.71
16,21.48
17,20.04
18,17.61
19,15.48
20,14.83
21,9.78
22,8.24
23,7.82
0,7.57
1,7.5
2,6.48
3,8.37
4,8.55
5,11.48
6,13.73
7,15.15
8,16.97
9,17.17
10,22.06
11,23.5
12,22.31
13,24.99
14,23.68
15,23.8
16,20.21
17,18.73
18,16.77
19,12.97
20,14.98
21,12.65
22,8.28
23,8.99
0,7.88
1,7.44
2,8.71
3,8.41
4,11.82
5,12.28
6,12.8
7,14.58
8,20.73
9,20.18
10,20.81
11,20.48
12,23.22
13,24.97
14,22.79
15,21.68
16,20.67
17,18.32
18,16.0
19,17.3
20,13.1
21,10.13
22,7.65
23,5.93
0,8.37
1,6.58
2,7.29
3,8.18
4,9.99
5,13.41
6,11.5
7,14.57
8,16.16
9,19.78
10,17.9
11,20.49
12,23.11
13,21.99
14,26.19
15,18.44
16,21.85
17,20.08
18,18.33
19,17.15
20,13.85
21,13.11
22,9.54
23,8.85
0,8.82
1,5.34
2,7.99
3,7.16
4,7.8
5,10.16
6,11.42
7,14.54
8,17.32
9,18.14
10,21.42
11,21.1
12,22.63
13,22.62
14,25.89
15,20.75
16,22.03
17,18.26
18,15.72
19,14.94
20,14.93
21,10.44
22,10.15
23,8.4
0,9.86
1,6.94
2,6.75
3,7.97
4,9.5
5,9.13
6,13.24
7,17.73
8,19.49
9,20.09
10,18.77
11,20.1
12,23.38
13,24.19
14,22.81
15,21.84
16,20.7
17,17.6
18,16.2
19,16.32
20,12.38
21,11.12
22,8.2
23,8.65
0,6.95
1,6.54
2,8.06
3,6.75
4,6.94
5,11.82
6,12.51
7,13.68
8,20.03
9,18.69
10,19.92
11,24.34
12,24.13
13,22.2
14,22.88
15,20.97
16,19.51
17,18.96
18,17.95
19,16.9
20,12.88
21,10.13
22,10.83
23,9.78
0,8.26
1,5.52
2,7.41
3,6.98
4,9.92
5,10.37
6,11.39
7,15.16
8,14.82
9,19.44
10,19.16
11,20.87
12,23.97
13,21.93
14,22.3
15,22.59
16,20.51
17,19.4
18,17.25
19,14.14
20,10.79
21,11.72
22,10.25
23,7.75
0,9.94
1,7.24
2,9.06
3,7.78
4,11.3
5,7.64
6,11.58
7,13.94
8,15.88
9,20.03
10,20.89
11,21.55
12,21.46
13,23.03
14,22.18
15,22.36
16,21.2
17,18.13
18,15.98
19,16.16
20,13.6
21,9.86
22,8.89
23,5.83
0,7.09
1,7.1
2,6.42
3,8.24
4,8.18
5,13.06
6,11.74
7,15.08
8,17.55
9,20.77
10,19.43
11,22.43
12,22.74
13,23.23
14,18.57
15,21.01
16,22.17
17,16.57
18,17.19
19,13.94
20,11.75
21,10.99
22,8.26
23,8.52
0,5.13
1,8.34
2,6.78
3,7.72
4,9.23
5,9.01
6,12.95
7,14.09
8,17.55
9,19.19
10,20.37
11,21.35
12,21.3
13,22.75
14,22.81
15,22.39
16,21.44
17,19.57
18,18.18
19,12.16
20,10.7
21,11.15
22,7.54
23,6.17
0,8.9
1,6.99
2,6.96
3,7.96
4,9.1
5,9.79
6,10.61
7,12.72
8,16.83
9,20.79
10,19.44
11,23.56
12,22.7
13,26.25
14,22.88
15,21.08
16,20.17
17,17.61
18,17.34
19,15.29
20,15.21
21,10.82
22,10.77
23,5.34
0,8.92
1,7.84
2,9.53
3,6.12
4,8.02
5,10.25
6,13.87
7,14.98
8,18.11
9,18.31
10,19.79
11,21.99
12,22.34
13,22.05
14,23.01
15,23.47
16,19.04
17,17.45
18,18.18
19,13.45
20,15.03
21,10.81
22,9.64
23,8.8
0,6.86
1,6.06
2,8.19
3,8.2
4,8.98
5,8.82
6,14.12
7,16.79
8,17.91
9,20.41
10,19.26
11,21.32
12,25.16
13,23.5
14,23.02
15,21.23
16,21.85
17,19.57
18,18.95
19,15.54
20,13.43
21,10.59
22,8.2
23,9.17
0,7.03
1,5.16
2,8.5
3,8.5
4,9.79
5,10.83
6,11.49
7,13.58
8,17.75
9,15.96
10,19.94
11,22.79
12,22.66
13,25.44
14,21.58
15,22.08
16,20.49
17,20.01
18,17.82
19,14.12
20,12.76
21,11.18
22,10.93
23,7.12
0,8.88
1,7.29
2,8.14
3,9.31
4,8.65
5,12.45
6,11.27
7,13.98
8,16.33
9,18.19
10,19.73
11,22.58
12,23.57
13,23.09
14,22.59
15,19.78
16,22.43
17,19.36
18,15.2
19,16.5
20,12.73
21,10.83
22,9.75
23,6.76
0,8.44
1,7.77
2,8.03
3,7.27
4,9.37
5,11.24
6,13.11
7,14.44
8,17.15
9,18.59
10,20.9
11,22.93
12,24.18
13,23.43
14,21.14
15,22.88
16,21.33
17,18.68
18,15.92
19,14.41
20,12.49
21,10.16
22,6.83
23,8.97
0,7.72
1,6.01
2,8.53
3,7.7
4,10.57
5,11.12
6,12.56
7,15.7
8,17.25
9,16.85
10,23.37
11,21.72
12,21.12
13,22.66
14,20.49
15,20.52
16,19.61
17,16.76
18,17.33
19,16.1
20,13.1
21,11.55
22,7.28
23,7.6
0,4.6
1,6.95
2,8.53
3,8.24
4,9.71
5,10.37
6,11.25
7,15.42
8,17.89
9,20.96
10,20.36
11,23.68
12,22.03
13,23.59
14,24.5
15,20.88
16,20.57
17,17.88
18,17.6
19,12.66
20,12.26
21,10.73
22,11.33
23,7.31
0,8.4
1,7.57
2,6.4
3,7.04
4,8.28
5,10.03
6,16.22
7,18.38
8,19.23
9,19.69
10,19.87
11,23.14
12,21.72
13,21.55
14,24.37
15,21.81
16,19.2
17,19.23
18,18.74
19,14.74
20,11.78
21,9.84
22,8.71
23,6.95
0,6.55
1,7.41
2,6.1
3,9.43
4,10.03
5,9.29
6,10.62
7,16.49
8,18.74
9,19.18
10,19.05
11,23.18
12,22.26
13,22.01
14,23.91
15,22.35
16,19.48
17,19.43
18,15.82
19,15.03
20,13.38
21,10.73
22,8.42
23,7.55
0,6.77
1,5.92
2,8.55
3,8.56
4,11.55
5,11.75
6,15.02
7,14.49
8,15.78
9,18.36
10,21.43
11,20.27
12,22.28
13,20.94
14,22.54
15,23.28
16,21.81
17,18.53
18,16.26
19,13.13
20,14.7
21,9.93
22,6.35
23,6.62
0,7.59
1,5.9
2,6.11
3,6.77
4,9.86
5,11.04
6,13.59
7,17.08
8,18.25
9,19.88
10,22.77
11,21.4
12,23.08
13,22.46
14,21.21
15,20.8
16,19.39
17,20.63
18,18.26
19,15.67
20,11.16
21,11.09
22,7.14
23,8.18
0,5.76
1,5.58
2,8.08
3,7.33
4,8.41
5,9.82
6,13.66
7,16.28
8,15.87
9,19.28
10,19.15
11,22.19
12,23.57
13,24.44
14,22.09
15,23.41
16,20.89
17,18.59
18,15.92
19,13.64
20,12.99
21,11.64
22,7.78
23,6.73
0,5.82
1,6.33
2,6.47
3,8.55
4,8.41
5,11.05
6,12.15
7,16.41
8,17.05
9,19.79
10,20.88
11,22.77
12,21.34
13,23.39
14,21.57
15,20.56
16,22.24
17,17.89
18,17.34
19,14.64
20,11.79
21,10.75
22,10.63
23,6.5
0,8.09
1,7.07
2,7.47
3,9.24
4,7.87
5,10.31
6,13.11
7,12.95
8,16.84
9,18.43
10,20.37
11,23.26
12,22.03
13,23.41
14,21.46
15,23.15
16,18.65
17,18.91
18,16.77
19,15.08
20,11.36
21,13.35
22,10.15
23,6.24
0,4.75
1,8.11
2,7.93
3,8.01
4,8.6
5,12.47
6,13.24
7,16.56
8,17.96
9,19.89
10,20.8
11,21.11
12,22.34
13,22.55
14,20.41
15,21.24
16,19.76
17,19.13
18,19.37
19,16.14
20,12.15
21,10.75
22,8.47
23,7.65
0,9.67
1,5.32
2,9.02
3,9.24
4,9.62
5,11.76
6,12.45
7,14.06
8,17.17
9,22.7
10,18.94
11,21.28
12,23.5
13,23.9
14,22.26
15,20.49
16,19.32
17,18.0
18,16.79
19,13.46
20,13.98
21,11.02
22,9.77
23,9.81
0,7.55
1,6.68
2,7.24
3,10.44
4,10.4
5,11.78
6,12.61
7,14.82
8,17.81
9,19.77
10,21.09
11,22.77
12,20.94
13,24.91
14,22.28
15,21.66
16,21.69
17,19.28
18,17.19
19,14.34
20,12.21
21,12.5
22,9.54
23,7.73
0,9.03
1,7.61
2,8.4
3,9.95
4,9.2
5,10.31
6,13.97
7,16.63
8,17.35
9,19.16
10,16.99
11,21.54
12,22.61
13,23.64
14,23.3
15,20.98
16,21.48
17,19.18
18,17.4
19,15.09
20,13.73
21,9.83
22,10.35
23,8.61
0,6.06
1,6.99
2,7.43
3,8.07
4,8.86
5,10.93
6,11.79
7,15.08
8,14.0
9,19.18
10,21.16
11,21.08
12,23.44
13,22.11
14,23.07
15,21.21
16,21.84
17,19.35
18,16.01
19,16.95
20,12.1
21,12.73
22,8.49
23,8.24
0,6.63
1,5.63
2,6.69
3,8.16
4,9.43
5,10.33
6,13.47
7,14.7
8,17.04
9,19.04
10,19.8
11,22.46
12,20.12
13,23.02
14,23.59
15,22.01
16,22.37
17,20.11
18,15.8
19,13.46
20,13.37
21,11.09
22,9.59
23,9.82
0,6.89
1,5.95
2,6.97
3,7.31
4,7.55
5,11.73
6,11.72
7,13.88
8,15.89
9,17.2
10,20.75
11,20.12
12,21.61
13,23.24
14,22.28
15,18.92
16,21.61
17,18.88
18,18.37
19,13.98
20,12.39
21,12.56
22,5.59
23,7.87
0,7.32
1,7.19
2,7.14
3,8.06
4,9.24
5,11.81
6,12.45
7,13.16
8,16.4
9,20.54
10,20.19
11,21.5
12,22.97
13,24.0
14,20.42
15,22.45
16,20.69
17,17.57
18,18.42
19,14.87
20,12.95
21,9.07
22,8.21
23,7.52
0,6.49
1,8.54
2,6.66
3,7.36
4,10.18
5,9.18
6,13.85
7,16.5
8,17.32
9,21.03
10,21.29
11,24.03
12,22.83
13,23.54
14,23.61
15,22.0
16,19.59
17,19.28
18,17.12
19,15.04
20,12.68
21,8.44
22,8.49
23,9.9
0,9.51
1,5.7
2,10.18
3,6.47
4,7.95
5,10.51
6,14.27
7,13.0
8,15.39
9,18.51
10,19.54
11,24.18
12,23.05
13,23.51
14,21.16
15,23.89
16,21.57
17,17.94
18,16.28
19,13.85
20,12.35
21,10.33
22,7.56
23,9.2
0,4.78
1,5.45
2,4.8
3,9.9
4,10.64
5,12.42
6,13.37
7,14.44
8,19.5
9,18.95
10,20.49
11,21.1
12,22.9
13,22.53
14,22.0
15,22.63
16,20.31
17,18.12
18,15.21
19,12.23
20,13.28
21,9.22
22,8.85
23,10.38
0,7.12
1,5.31
2,7.05
3,9.36
4,6.84
5,12.56
6,11.92
7,12.84
8,15.69
9,19.18
10,19.76
11,21.54
12,22.82
13,23.11
14,23.1
15,21.66
16,23.29
17,19.55
18,17.52
19,15.07
20,15.5
21,10.81
22,10.68
23,9.34
0,7.65
1,7.23
2,4.75
3,5.97
4,8.2
5,8.8
6,12.23
7,16.31
8,16.05
9,17.85
10,22.09
11,20.47
12,20.83
13,23.42
14,25.91
15,23.16
16,21.09
17,21.08
18,17.66
19,15.51
20,11.79
21,9.45
22,10.31
23,9.04
0,8.73
1,8.5
2,7.27
3,7.4
4,9.65
5,11.08
6,12.48
7,15.75
8,15.8
9,19.46
10,20.17
11,21.07
12,20.67
13,21.98
14,23.83
15,21.9
16,20.07
17,17.45
18,17.16
19,14.62
20,12.99
21,8.67
22,8.13
23,7.14
0,5.55
1,7.59
2,6.96
3,9.12
4,7.28
5,9.82
6,11.9
7,13.61
8,16.81
9,19.34
10,20.27
11,23.33
12,25.51
13,24.18
14,22.93
15,21.22
16,20.83
17,18.79
18,18.07
19,14.64
20,12.41
21,11.38
22,10.18
23,5.25
0,4.71
1,8.44
2,7.95
3,8.89
4,8.33
5,10.8
6,12.76
7,13.46
8,17.88
9,18.31
10,20.71
11,20.38
12,24.71
13,24.41
14,23.36
15,22.02
16,22.95
17,20.7
18,19.88
19,16.89
20,12.49
21,10.9
22,9.56
23,10.32
0,7.75
1,5.18
2,10.33
3,8.24
4,9.72
5,11.53
6,13.89
7,16.11
8,17.18
9,17.92
10,20.17
11,21.27
12,22.81
13,21.75
14,23.44
15,21.89
16,19.88
17,17.08
18,16.38
19,13.8
20,13.64
21,11.53
22,10.35
23,8.61
0,7.73
1,7.87
2,5.54
3,6.33
4,9.6
5,11.12
6,13.34
7,15.22
8,18.5
9,18.87
10,18.96
11,21.76
12,24.54
13,24.24
14,23.39
15,20.9
16,19.2
17,18.99
18,18.17
19,13.69
20,12.36
21,11.24
22,9.24
23,7.11
0,9.05
1,6.92
2,7.51
3,8.93
4,7.75
5,10.81
6,15.04
7,16.57
8,16.18
9,19.23
10,19.94
11,20.5
12,23.03
13,25.75
14,23.52
15,21.76
16,22.7
17,18.78
18,15.49
19,17.69
20,12.65
21,11.77
22,7.85
23,7.28
0,6.01
1,8.81
2,4.96
3,7.08
4,10.14
5,10.74
6,13.4
7,14.72
8,18.11
9,20.65
10,21.27
11,22.22
12,23.32
13,22.77
14,21.15
15,21.2
16,20.42
17,20.5
18,15.85
19,14.47
20,13.68
21,9.52
22,12.75
23,11.03
0,6.24
1,7.21
2,7.89
3,6.83
4,10.58
5,12.97
6,12.97
7,14.92
8,16.69
9,19.05
10,21.82
11,21.08
12,23.04
13,21.62
14,23.33
15,22.68
16,20.79
17,21.53
18,17.71
19,14.02
20,10.52
21,10.24
22,8.83
23,8.66
0,6.78
1,9.23
2,7.05
3,7.66
4,8.0
5,10.81
6,12.8
7,15.83
8,16.17
9,20.26
10,19.03
11,19.63
12,20.47
13,24.26
14,21.91
15,21.66
16,18.61
17,20.48
18,18.13
19,16.06
20,14.06
21,11.02
22,8.38
23,6.53
0,7.9
1,9.01
2,7.43
3,9.27
4,9.92
5,9.91
6,12.34
7,14.03
8,16.86
9,17.11
10,22.31
11,24.08
12,23.14
13,25.25
14,22.67
15,24.03
16,19.37
17,19.52
18,19.31
19,14.16
20,12.43
21,11.5
22,9.85
23,9.12
0,8.46
1,7.92
2,5.57
3,9.16
4,11.27
5,10.53
6,13.83
7,13.65
8,17.95
9,18.09
10,22.04
11,21.73
12,18.8
13,21.72
14,24.2
15,22.84
16,21.08
17,18.7
18,17.18
19,14.75
20,12.25
21,9.9
22,10.29
23,8.09
0,5.35
1,4.76
2,7.38
3,8.54
4,8.25
5,12.06
6,14.76
7,16.65
8,18.09
9,18.93
10,20.26
11,23.0
12,21.59
13,23.33
14,22.12
15,23.07
16,18.11
17,19.31
18,18.41
19,15.06
20,14.61
21,11.19
22,9.52
23,6.69
0,5.69
1,6.92
2,9.57
3,6.87
4,9.49
5,10.85
6,12.48
7,16.03
8,16.4
9,19.85
10,18.68
11,23.64
12,22.45
13,23.65
14,23.2
15,21.13
16,18.62
17,21.25
18,19.04
19,14.32
20,13.08
21,13.46
22,9.45
23,6.19
0,6.6
1,7.23
2,7.37
3,7.3
4,10.99
5,10.85
6,12.92
7,14.58
8,16.07
9,18.95
10,20.41
11,22.14
12,22.56
13,22.55
14,22.87
15,24.21
16,21.6
17,16.29
18,17.74
19,15.14
20,12.74
21,11.08
22,9.72
23,8.75
0,6.18
1,6.83
2,6.14
3,7.55
4,12.02
5,10.11
6,11.52
7,13.9
8,15.97
9,20.38
10,19.74
11,22.72
12,22.18
13,23.62
14,23.52
15,22.64
16,20.57
17,18.53
18,18.11
19,15.87
20,14.35
21,11.7
22,9.53
23,8.54
0,6.78
1,7.14
2,6.71
3,8.23
4,7.33
5,8.8
6,12.24
7,15.54
8,15.25
9,17.13
10,22.19
11,19.61
12,22.51
13,23.59
14,23.54
15,20.47
16,19.16
17,18.93
18,18.29
19,15.16
20,15.07
21,10.82
22,10.35
23,10.7
0,6.07
1,7.62
2,9.15
3,8.38
4,8.89
5,12.18
6,12.66
7,16.46
8,16.84
9,19.49
10,20.2
11,20.49
12,24.36
13,23.21
14,22.14
15,22.03
16,23.17
17,18.62
18,16.56
19,15.36
20,12.95
21,10.47
22,11.11
23,8.44
0,8.87
1,8.26
2,10.24
3,9.06
4,11.44
5,10.89
6,12.34
7,16.27
8,16.08
9,19.68
10,20.49
11,24.12
12,22.87
13,24.05
14,23.23
15,21.63
16,19.76
17,20.04
18,17.55
19,13.82
20,12.07
21,10.88
22,6.76
23,7.45
0,7.63
1,6.17
2,8.0
3,8.7
4,9.41
5,10.92
6,14.83
7,12.7
8,14.92
9,19.06
10,18.55
11,21.91
12,20.35
13,22.52
14,25.79
15,21.74
16,18.34
17,18.7
18,16.12
19,16.37
20,13.11
21,9.97
22,9.73
23,9.35
0,7.01
1,6.12
2,8.18
3,6.53
4,7.38
5,11.54
6,13.88
7,16.63
8,17.15
9,20.93
10,21.7
11,22.74
12,24.62
13,19.87
14,21.26
15,21.64
16,20.84
17,20.29
18,16.61
19,13.76
20,12.76
21,12.08
22,9.73
23,9.99
0,6.44
1,7.09
2,8.12
3,6.9
4,10.7
5,11.57
6,12.15
7,14.39
8,17.68
9,18.87
10,19.85
11,22.52
12,24.68
13,23.26
14,22.7
15,19.41
16,19.8
17,19.83
18,16.37
19,14.61
20,13.34
21,10.83
22,9.02
23,6.19
0,6.71
1,6.21
2,6.27
3,6.79
4,10.55
5,12.01
6,12.18
7,13.81
8,17.09
9,18.09
10,20.08
11,20.37
12,23.05
13,24.3
14,21.92
15,20.81
16,20.33
17,18.49
18,16.17
19,14.58
20,10.94
21,12.0
22,9.56
23,8.19
0,6.23
1,7.06
2,6.16
3,7.84
4,8.52
5,11.55
6,12.82
7,13.12
8,15.43
9,18.5
10,22.24
11,21.13
12,22.52
13,22.91
14,22.99
15,20.93
16,19.84
17,20.53
18,18.8
19,14.81
20,12.74
21,11.83
22,8.5
23,8.06
0,6.9
1,6.94
2,7.76
3,8.09
4,8.57
5,11.58
6,12.7
7,13.78
8,17.46
9,18.36
10,19.4
11,20.57
12,23.04
13,21.83
14,24.0
15,21.69
16,19.94
17,16.43
18,16.8
19,18.24
20,10.96
21,10.19
22,7.97
23,6.01
0,9.73
1,8.15
2,5.48
3,8.52
4,9.06
5,11.82
6,11.91
7,16.32
8,15.52
9,19.61
10,21.74
11,21.81
12,22.82
13,22.36
14,23.6
15,20.07
16,20.72
17,19.56
18,16.39
19,15.1
20,11.85
21,8.71
22,7.45
23,7.39
0,6.92
1,7.78
2,6.91
3,6.52
4,9.82
5,9.97
6,13.27
7,18.52
8,16.79
9,19.02
10,20.99
11,22.43
12,21.65
13,22.95
14,23.88
15,21.68
16,19.94
17,20.42
18,17.32
19,14.19
20,13.79
21,10.23
22,10.48
23,9.96
0,5.06
1,7.16
2,7.33
3,8.42
4,10.42
5,11.28
6,12.6
7,14.35
8,16.44
9,19.45
10,20.63
11,22.09
12,21.6
13,22.51
14,23.22
15,21.36
16,17.95
17,19.24
18,16.84
19,15.37
20,12.22
21,9.04
22,8.24
23,6.95
0,5.59
1,6.68
2,6.18
3,8.1
4,9.27
5,13.53
6,13.46
7,15.09
8,15.28
9,17.72
10,20.16
11,21.94
12,22.22
13,22.7
14,23.77
15,21.54
16,19.02
17,18.43
18,15.74
19,15.94
20,10.91
21,9.87
22,12.66
23,8.52
0,5.33
1,5.3
2,6.06
3,5.86
4,8.81
5,9.99
6,12.35
7,15.51
8,17.02
9,18.66
10,19.64
11,23.62
12,22.73
13,23.28
14,22.13
15,23.55
16,22.99
17,19.87
18,17.4
19,14.44
20,11.92
21,10.71
22,9.04
23,7.98
0,6.71
1,8.87
2,7.4
3,7.81
4,9.41
5,11.42
6,12.75
7,15.5
8,16.71
9,18.15
10,20.86
11,21.96
12,23.06
13,23.89
14,24.49
15,21.28
16,21.04
17,20.28
18,18.24
19,15.17
20,13.5
21,10.09
22,10.05
23,7.03
0,6.05
1,5.63
2,8.24
3,9.65
4,9.36
5,11.37
6,11.55
7,14.35
8,15.21
9,19.14
10,20.19
11,21.32
12,23.24
13,23.93
14,23.66
15,21.71
16,20.03
17,19.56
18,16.76
19,16.16
20,12.64
21,11.22
22,9.39
23,8.97
0,6.66
1,7.59
2,7.69
3,7.28
4,8.39
5,11.12
6,12.14
7,15.58
8,18.0
9,18.63
10,18.33
11,21.18
12,23.91
13,19.27
14,22.96
15,22.47
16,20.89
17,19.4
18,17.97
19,17.15
20,11.35
21,10.81
22,7.54
23,8.32
0,7.97
1,7.55
2,6.6
3,6.85
4,6.93
5,9.84
6,10.81
7,15.54
8,17.48
9,18.22
10,19.19
11,22.2
12,22.82
13,23.93
14,22.98
15,22.59
16,21.33
17,20.08
18,18.46
19,14.24
20,12.95
21,13.2
22,10.14
23,7.96
0,6.38
1,7.29
2,7.14
3,7.44
4,6.89
5,12.79
6,11.52
7,12.96
8,17.18
9,18.08
10,20.22
11,22.34
12,21.67
13,22.91
14,21.23
15,21.98
16,21.37
17,18.88
18,16.34
19,15.72
20,12.48
21,11.43
22,9.53
23,7.04
0,7.48
1,7.01
2,9.88
3,7.93
4,8.24
5,10.95
6,13.23
7,15.91
8,16.66
9,19.97
10,20.89
11,21.26
12,22.76
13,21.05
14,19.06
15,21.67
16,19.95
17,18.15
18,12.88
19,14.62
20,10.18
21,11.38
22,8.99
23,9.21
0,6.35
1,6.4
2,7.85
3,9.34
4,9.28
5,12.03
6,12.2
7,14.84
8,16.33
9,19.24
10,19.16
11,21.57
12,22.92
13,23.14
14,22.15
15,20.06
16,21.21
17,18.94
18,15.7
19,12.6
20,13.12
21,11.99
22,9.18
23,8.1
0,8.06
1,7.27
2,6.92
3,7.46
4,9.23
5,11.6
6,12.15
7,16.17
8,16.75
9,20.68
10,19.25
11,22.83
12,21.72
13,23.75
14,24.33
15,23.73
16,19.76
17,19.5
18,16.52
19,16.13
20,14.22
21,11.84
22,13.04
23,7.38
0,9.57
1,7.84
2,6.47
3,9.55
4,6.32
5,10.1
6,13.34
7,15.63
8,15.95
9,18.34
10,18.71
11,20.11
12,24.65
13,24.4
14,23.43
15,19.26
16,19.18
17,16.76
18,16.67
19,16.4
20,12.62
21,11.84
22,8.34
23,8.18
0,8.21
1,7.22
2,7.92
3,7.0
4,9.66
5,11.87
6,14.19
7,13.88
8,16.32
9,17.14
10,21.06
11,21.76
12,23.4
13,23.25
14,22.18
15,20.43
16,22.71
17,19.47
18,17.25
19,15.72
20,11.79
21,11.68
22,11.19
23,7.72
0,6.5
1,7.71
2,5.06
3,6.23
4,7.05
5,9.81
6,13.13
7,15.23
8,16.53
9,19.26
10,21.85
11,19.64
12,21.74
13,24.09
14,23.93
15,21.73
16,20.12
17,19.03
18,17.96
19,13.73
20,11.48
21,11.81
22,8.59
23,8.22
0,6.62
1,7.44
2,6.37
3,6.54
4,11.14
5,11.1
6,13.76
7,13.18
8,16.78
9,18.42
10,21.4
11,22.42
12,21.75
13,21.49
14,23.76
15,21.51
16,20.75
17,18.47
18,18.39
19,13.65
20,10.33
21,11.48
22,10.27
23,8.58
0,9.11
1,8.44
2,7.01
3,7.97
4,11.24
5,11.15
6,12.22
7,15.21
8,18.02
9,18.59
10,20.47
11,19.56
12,22.48
13,21.66
14,21.38
15,23.8
16,20.82
17,18.73
18,15.28
19,20.53
20,11.52
21,11.66
22,8.57
23,8.05
0,6.71
1,6.82
2,8.86
3,6.97
4,9.05
5,13.09
6,14.32
7,15.02
8,17.18
9,18.87
10,21.06
11,23.21
12,23.86
13,21.45
14,22.12
15,22.5
16,23.38
17,18.94
18,16.58
19,14.28
20,13.51
21,10.76
22,8.75
23,7.19
0,5.82
1,6.56
2,8.37
3,8.66
4,8.56
5,9.75
6,12.48
7,15.62
8,18.65
9,18.59
10,20.89
11,23.09
12,22.92
13,22.4
14,22.04
15,22.08
16,21.92
17,18.26
18,15.93
19,17.32
20,13.26
21,11.06
22,11.04
23,8.39
0,6.35
1,6.38
2,7.31
3,7.21
4,9.54
5,10.73
6,10.72
7,15.34
8,18.31
9,20.15
10,21.12
11,21.13
12,21.89
13,21.56
14,20.02
15,20.03
16,19.23
17,19.81
18,17.8
19,14.23
20,12.54
21,11.72
22,7.65
23,7.4
0,7.69
1,6.8
2,4.42
3,8.11
4,8.36
5,11.79
6,14.6
7,16.31
8,18.74
9,18.1
10,19.71
11,21.08
12,23.69
13,25.52
14,23.35
15,23.92
16,20.49
17,18.48
18,19.13
19,16.63
20,12.93
21,10.07
22,9.41
23,9.07
0,9.2
1,6.9
2,8.11
3,9.62
4,9.21
5,12.17
6,11.03
7,14.58
8,17.03
9,19.44
10,21.42
11,21.82
12,22.13
13,23.83
14,24.54
15,23.82
16,19.32
17,18.83
18,16.82
19,15.92
20,14.74
21,11.15
22,9.21
23,7.48
0,8.2
1,6.97
2,8.26
3,7.24
4,12.5
5,12.3
6,13.16
7,15.86
8,17.09
9,20.56
10,21.26
11,21.47
12,23.83
13,21.48
14,22.42
15,22.84
16,20.5
17,19.27
18,17.4
19,14.83
20,13.33
21,11.79
22,12.19
23,8.56
0,5.25
1,8.03
2,8.27
3,8.09
4,8.13
5,9.14
6,13.09
7,15.58
8,16.76
9,17.55
10,21.55
11,21.9
12,23.69
13,23.06
14,22.17
15,26.01
16,20.48
17,17.18
18,18.54
19,15.5
20,14.91
21,10.6
22,10.04
23,6.81
0,8.15
1,8.27
2,7.24
3,6.54
4,9.36
5,10.77
6,12.63
7,14.73
8,17.67
9,19.66
10,21.04
11,21.51
12,23.12
13,22.68
14,22.76
15,23.94
16,18.73
17,19.46
18,17.75
19,15.79
20,14.77
21,10.11
22,7.24
23,8.56
0,7.26
1,6.48
2,6.28
3,10.31
4,8.56
5,12.37
6,13.29
7,15.94
8,16.3
9,19.72
10,20.8
11,22.11
12,22.42
13,24.81
14,21.91
15,21.83
16,19.74
17,17.61
18,16.47
19,15.41
20,12.39
21,9.2
22,9.16
23,9.13
0,6.69
1,6.31
2,8.17
3,8.61
4,8.45
5,13.28
6,12.9
7,16.59
8,16.84
9,20.16
10,19.41
11,22.58
12,23.36
13,23.05
14,23.73
15,21.32
16,20.31
17,19.03
18,16.17
19,18.13
20,12.82
21,10.64
22,9.08
23,7.6
0,8.56
1,7.06
2,7.57
3,6.77
4,11.31
5,9.73
6,14.99
7,14.86
8,19.03
9,19.03
10,16.34
11,21.76
12,21.85
13,24.2
14,21.39
15,22.06
16,19.99
17,20.17
18,14.88
19,14.49
20,12.96
21,11.28
22,9.96
23,8.05
0,6.99
1,6.53
2,9.01
3,8.07
4,7.31
5,15.08
6,13.54
7,15.1
8,17.21
9,18.59
10,24.05
11,21.32
12,23.79
13,22.79
14,21.32
15,20.79
16,22.39
17,19.41
18,18.17
19,16.33
20,12.93
21,11.54
22,7.17
23,9.61
0,7.21
1,8.07
2,5.62
3,7.25
4,9.36
5,10.84
6,11.33
7,13.26
8,15.88
9,18.03
10,19.44
11,21.99
12,21.98
13,21.06
14,22.7
15,19.71
16,20.75
17,18.71
18,17.85
19,15.85
20,13.39
21,11.45
22,8.04
23,8.01
0,7.29
1,8.8
2,6.01
3,8.0
4,7.96
5,12.18
6,13.98
7,14.6
8,16.06
9,18.41
10,20.19
11,23.17
12,23.85
13,21.58
14,24.12
15,22.9
16,21.1
17,19.09
18,17.34
19,15.19
20,11.3
21,11.41
22,9.54
23,10.19
0,5.95
1,8.8
2,6.91
3,8.08
4,10.89
5,11.24
6,13.41
7,14.21
8,16.32
9,18.82
10,19.64
11,22.0
12,22.62
13,23.95
14,22.32
15,22.56
16,21.86
17,18.18
18,18.63
19,17.22
20,12.22
21,11.57
22,9.39
23,8.71
0,6.05
1,7.68
2,5.3
3,8.24
4,8.34
5,11.18
6,11.27
7,14.85
8,17.59
9,17.06
10,19.83
11,22.89
12,21.43
13,24.71
14,22.61
15,23.5
16,21.41
17,18.47
18,17.46
19,14.82
20,12.89
21,13.0
22,7.93
23,8.77
0,6.74
1,6.16
2,7.55
3,7.71
4,10.51
5,12.77
6,11.8
7,12.22
8,15.01
9,19.37
10,19.97
11,22.3
12,22.36
13,22.66
14,20.59
15,22.79
16,20.23
17,19.53
18,16.64
19,15.48
20,11.77
21,13.75
22,10.76
23,9.79
0,7.11
1,5.15
2,9.24
3,5.57
4,8.45
5,10.75
6,13.01
7,16.79
8,17.47
9,18.48
10,18.48
11,21.74
12,23.87
13,24.36
14,22.25
15,21.75
16,21.68
17,18.19
18,18.78
19,15.1
20,12.9
21,11.12
22,8.23
23,8.06
0,5.73
1,6.31
2,6.73
3,8.3
4,8.67
5,8.15
6,13.1
7,16.14
8,19.74
9,16.85
10,19.78
11,20.66
12,24.14
13,23.13
14,22.06
15,22.06
16,21.89
17,19.67
18,18.82
19,15.27
20,15.12
21,11.52
22,7.18
23,8.85
0,9.3
1,8.45
2,7.29
3,10.45
4,7.31
5,10.77
6,14.67
7,14.4
8,16.88
9,20.03
10,19.96
11,21.8
12,22.88
13,23.13
14,20.35
15,22.92
16,21.39
17,18.45
18,15.96
19,12.92
20,13.72
21,10.57
22,8.61
23,9.12
0,8.31
1,8.14
2,7.82
3,7.68
4,10.76
5,9.94
6,11.94
7,12.6
8,18.07
9,19.25
10,21.64
11,23.82
12,22.69
13,24.74
14,20.74
15,22.4
16,17.65
17,19.61
18,17.28
19,14.64
20,13.28
21,13.34
22,9.92
23,8.48
0,8.51
1,5.37
2,6.14
3,8.37
4,10.08
5,13.93
6,11.72
7,14.5
8,17.15
9,19.09
10,21.5
11,21.81
12,24.06
13,21.52
14,22.92
15,18.77
16,21.48
17,18.79
18,17.03
19,14.38
20,14.31
21,9.57
22,8.9
23,4.5
0,7.3
1,8.14
2,7.07
3,8.6
4,8.43
5,11.25
6,12.65
7,14.04
8,17.43
9,19.91
10,21.81
11,23.95
12,23.89
13,23.32
14,21.86
15,22.01
16,20.18
17,18.7
18,15.73
19,14.56
20,13.1
21,10.81
22,10.03
23,9.31
0,8.45
1,7.7
2,6.41
3,7.31
4,7.72
5,11.31
6,14.36
7,14.25
8,18.19
9,18.91
10,18.46
11,21.9
12,22.12
13,23.97
14,24.52
15,22.93
16,19.77
17,21.52
18,18.68
19,15.7
20,15.4
21,12.38
22,7.2
23,9.16
0,6.77
1,5.46
2,6.29
3,9.27
4,9.14
5,12.0
6,12.84
7,15.05
8,18.05
9,19.83
10,19.97
11,21.3
12,21.54
13,23.67
14,22.26
15,21.18
16,21.18
17,18.38
18,18.53
19,14.91
20,13.63
21,9.39
22,9.6
23,8.57
0,6.86
1,7.5
2,7.2
3,9.29
4,8.88
5,11.45
6,12.79
7,15.79
8,16.8
9,17.37
10,20.44
11,20.69
12,23.26
13,23.32
14,22.79
15,22.53
16,19.59
17,21.08
18,17.23
19,15.71
20,12.18
21,12.28
22,9.68
23,7.99
0,9.02
1,6.94
2,9.3
3,9.48
4,9.83
5,10.43
6,12.38
7,14.61
8,18.64
9,16.92
10,20.26
11,20.78
12,22.06
13,22.68
14,23.18
15,21.93
16,20.66
17,18.37
18,18.75
19,16.16
20,12.05
21,10.49
22,8.88
23,6.82
0,6.78
1,4.97
2,9.13
3,8.26
4,8.54
5,12.13
6,12.28
7,14.1
8,16.01
9,18.96
10,18.29
11,22.22
12,22.78
13,23.55
14,22.11
15,21.83
16,19.22
17,18.6
18,16.03
19,17.25
20,13.24
21,11.22
22,8.88
23,7.4
0,9.41
1,8.63
2,9.41
3,9.35
4,10.54
5,10.87
6,12.54
7,15.62
8,16.42
9,19.72
10,20.96
11,21.16
12,21.12
13,19.99
14,25.42
15,19.27
16,21.96
17,18.08
18,16.28
19,13.08
20,12.43
21,14.21
22,8.24
23,7.72
0,7.14
1,7.09
2,7.41
3,6.91
4,8.04
5,10.56
6,12.46
7,14.61
8,17.52
9,20.65
10,21.49
11,22.33
12,23.91
13,24.49
14,20.18
15,22.44
16,22.04
17,17.22
18,16.9
19,16.01
20,12.94
21,10.81
22,9.23
23,9.84
0,5.74
1,7.28
2,9.08
3,9.15
4,10.68
5,9.62
6,15.4
7,12.12
8,16.43
9,20.03
10,19.55
11,21.8
12,22.36
13,21.55
14,23.73
15,21.07
16,22.17
17,17.84
18,17.44
19,14.21
20,13.65
21,9.76
22,9.84
23,7.6
0,7.12
1,8.04
2,7.11
3,8.79
4,9.4
5,9.51
6,15.21
7,15.2
8,16.94
9,20.07
10,21.05
11,23.87
12,22.66
13,23.77
14,23.24
15,22.79
16,19.09
17,18.89
18,15.73
19,16.43
20,14.07
21,11.41
22,10.56
23,9.44
0,6.74
1,6.41
2,7.71
3,7.34
4,9.71
5,10.76
6,11.21
7,15.03
8,19.95
9,17.33
10,19.7
11,21.17
12,23.28
13,23.25
14,21.07
15,22.24
16,20.41
17,18.78
18,17.42
19,15.47
20,14.05
21,11.58
22,9.79
23,10.39
0,8.32
1,6.87
2,6.43
3,7.71
4,9.75
5,10.17
6,15.32
7,15.1
8,16.27
9,17.5
10,19.96
11,20.49
12,21.51
13,23.81
14,22.76
15,22.0
16,19.78
17,20.14
18,15.95
19,16.08
20,13.49
21,11.5
22,11.33
23,9.83
0,7.78
1,9.52
2,7.48
3,6.7
4,7.68
5,12.18
6,14.67
7,13.53
8,14.54
9,18.35
10,21.1
11,22.72
12,23.24
13,23.4
14,24.8
15,22.03
16,21.37
17,19.6
18,15.53
19,14.15
20,12.1
21,10.46
22,7.52
23,6.3
0,7.54
1,6.53
2,5.02
3,7.45
4,9.21
5,10.95
6,10.97
7,13.75
8,17.28
9,16.63
10,19.19
11,22.66
12,22.74
13,22.55
14,24.39
15,23.05
16,22.52
17,20.07
18,16.39
19,15.66
20,12.22
21,10.35
22,11.92
23,5.7
0,5.44
1,6.09
2,9.96
3,8.12
4,11.16
5,13.83
6,15.25
7,14.51
8,16.88
9,19.56
10,19.77
11,22.54
12,20.51
13,21.1
14,22.19
15,22.85
16,20.47
17,20.44
18,17.08
19,14.53
20,12.71
21,10.59
22,10.28
23,10.25
0,5.05
1,8.74
2,7.63
3,8.69
4,9.51
5,11.42
6,14.26
7,15.83
8,16.55
9,19.78
10,22.13
11,19.56
12,22.67
13,22.24
14,21.95
15,18.98
16,20.64
17,18.67
18,16.45
19,14.29
20,13.22
21,10.8
22,8.45
23,10.03
0,6.69
1,5.56
2,8.32
3,7.55
4,8.44
5,9.83
6,12.82
7,15.25
8,17.07
9,19.01
10,22.86
11,21.73
12,21.69
13,22.83
14,21.85
15,23.51
16,21.18
17,20.12
18,13.97
19,15.22
20,11.74
21,10.54
22,10.44
23,7.69
0,6.18
1,4.92
2,7.65
3,6.84
4,9.49
5,13.42
6,15.73
7,15.25
8,16.41
9,19.63
10,23.87
11,23.19
12,25.02
13,24.73
14,21.02
15,21.46
16,21.29
17,16.38
18,17.0
19,15.55
20,13.51
21,12.76
22,8.24
23,8.8
0,6.73
1,4.95
2,5.7
3,7.25
4,8.51
5,9.57
6,14.09
7,14.9
8,17.79
9,19.25
10,20.03
11,22.18
12,21.27
13,22.58
14,21.7
15,23.49
16,22.0
17,18.14
18,17.91
19,15.41
20,11.65
21,11.03
22,10.03
23,8.99
0,7.61
1,8.19
2,7.83
3,6.47
4,9.06
5,8.41
6,12.96
7,13.36
8,16.85
9,17.86
10,18.54
11,20.96
12,20.95
13,24.1
14,21.87
15,23.58
16,21.35
17,18.75
18,15.57
19,14.57
20,10.84
21,10.09
22,9.37
23,9.31
0,6.86
1,5.22
2,9.05
3,7.62
4,7.4
5,13.75
6,10.6
7,13.82
8,17.83
9,19.37
10,23.22
11,21.47
12,23.0
13,23.02
14,21.44
15,22.17
16,20.23
17,17.32
18,16.0
19,14.69
20,11.52
21,9.76
22,6.96
23,7.79
0,7.59
1,4.94
2,10.0
3,5.41
4,8.89
5,11.23
6,15.11
7,15.97
8,17.97
9,19.73
10,19.42
11,21.34
12,22.07
13,21.5
14,21.75
15,21.46
16,20.88
17,18.93
18,16.57
19,17.12
20,10.6
21,10.99
22,8.85
23,9.31
0,9.53
1,7.48
2,6.8
3,7.78
4,6.5
5,9.27
6,12.24
7,14.59
8,16.35
9,19.6
10,21.56
11,22.53
12,22.42
13,22.85
14,20.88
15,22.33
16,20.59
17,18.17
18,18.03
19,16.47
20,13.27
21,10.32
22,10.41
23,7.68
0,7.33
1,7.1
2,8.54
3,7.6
4,7.1
5,11.36
6,12.35
7,12.26
8,17.05
9,19.12
10,21.69
11,21.11
12,25.06
13,23.94
14,22.52
15,23.2
16,19.9
17,19.05
18,16.66
19,12.35
20,11.24
21,10.4
22,7.42
23,8.6
0,7.27
1,6.23
2,8.05
3,8.28
4,10.44
5,11.94
6,13.74
7,15.04
8,16.89
9,18.53
10,20.42
11,19.11
12,23.09
13,22.89
14,20.45
15,21.4
16,20.64
17,20.12
18,17.98
19,14.09
20,14.37
21,11.55
22,9.7
23,10.09
0,7.13
1,7.38
2,5.7
3,8.16
4,8.97
5,10.49
6,12.5
7,12.49
8,16.08
9,16.2
10,22.08
11,21.83
12,22.81
13,23.08
14,21.86
15,23.13
16,18.07
17,17.7
18,16.29
19,13.2
20,11.85
21,11.96
22,8.71
23,6.6
0,6.48
1,8.0
2,6.44
3,8.03
4,9.59
5,10.63
6,12.36
7,15.81
8,17.15
9,20.13
10,22.04
11,23.01
12,20.25
13,22.84
14,23.03
15,20.92
16,21.03
17,17.39
18,15.65
19,14.48
20,11.29
21,9.88
22,7.95
23,8.25
0,7.28
1,5.72
2,7.49
3,8.83
4,9.84
5,11.15
6,12.45
7,17.71
8,16.34
9,17.73
10,22.77
11,21.95
12,21.69
13,21.85
14,22.6
15,21.42
16,21.62
17,18.13
18,16.45
19,16.26
20,12.76
21,12.11
22,8.68
23,8.91
0,7.09
1,8.28
2,8.46
3,9.02
4,10.01
5,12.11
6,12.41
7,15.3
8,16.27
9,18.18
10,18.74
11,20.09
12,22.68
13,22.88
14,23.71
15,22.86
16,20.71
17,18.89
18,17.45
19,13.8
20,15.15
21,11.13
22,7.38
23,8.27
0,7.21
1,6.54
2,8.23
3,8.29
4,8.34
5,11.64
6,12.6
7,15.74
8,17.11
9,20.64
10,20.38
11,22.29
12,22.55
13,23.44
14,21.83
15,21.66
16,21.34
17,18.73
18,14.89
19,14.03
20,14.52
21,8.27
22,10.22
23,9.08
0,5.95
1,8.05
2,7.4
3,6.4
4,9.5
5,11.1
6,13.28
7,16.06
8,19.61
9,17.85
10,22.81
11,23.78
12,22.93
13,23.42
14,22.63
15,23.03
16,20.45
17,20.29
18,19.08
19,15.26
20,10.68
21,11.51
22,6.88
23,8.97
0,5.01
1,7.87
2,10.27
3,6.71
4,8.87
5,9.44
6,11.13
7,16.06
8,18.91
9,19.0
10,22.05
11,21.06
12,23.44
13,23.7
14,23.37
15,24.51
16,20.99
17,20.71
18,15.92
19,15.21
20,12.3
21,11.33
22,9.4
23,7.37
0,6.34
1,6.6
2,8.39
3,7.89
4,6.98
5,11.11
6,12.94
7,14.64
8,15.08
9,20.61
10,22.7
11,24.67
12,24.85
13,21.26
14,23.66
15,23.35
16,20.6
17,19.12
18,18.44
19,15.97
20,13.42
21,9.82
22,9.21
23,6.77
0,7.74
1,9.79
2,7.93
3,7.43
4,9.72
5,9.17
6,11.47
7,16.41
8,16.65
9,20.25
10,21.66
11,21.45
12,23.58
13,23.11
14,20.63
15,22.07
16,20.9
17,19.44
18,15.79
19,15.31
20,12.04
21,11.0
22,9.5
23,6.43
0,6.21
1,8.13
2,6.78
3,8.77
4,9.6
5,14.22
6,13.72
7,15.19
8,17.46
9,16.42
10,21.97
11,20.55
12,23.26
13,22.24
14,21.06
15,20.3
16,20.54
17,19.49
18,18.35
19,14.67
20,13.66
21,12.57
22,9.77
23,8.11
0,7.56
1,6.96
2,6.41
3,7.21
4,9.36
5,10.78
6,14.15
7,14.72
8,18.01
9,16.82
10,20.84
11,21.24
12,21.26
13,23.47
14,23.36
15,23.75
16,19.23
17,18.06
18,18.43
19,16.03
20,10.42
21,11.19
22,9.63
23,7.57
0,8.1
1,6.23
2,4.23
3,9.11
4,10.54
5,12.21
6,13.51
7,15.84
8,16.37
9,19.02
10,21.25
11,20.83
12,22.39
13,21.86
14,23.07
15,20.96
16,20.58
17,19.06
18,17.94
19,15.42
20,13.79
21,11.43
22,9.01
23,8.0
0,7.97
1,6.91
2,9.85
3,6.39
4,9.2
5,11.7
6,13.33
7,15.21
8,16.0
9,19.62
10,23.43
11,21.37
12,23.03
13,23.92
14,21.91
15,22.69
16,20.18
17,18.98
18,16.22
19,15.2
20,12.62
21,12.99
22,10.45
23,10.31
0,9.32
1,8.52
2,6.12
3,6.83
4,7.29
5,11.79
6,15.91
7,15.47
8,19.13
9,19.0
10,20.09
11,24.35
12,21.45
13,24.78
14,25.14
15,22.87
16,22.44
17,18.63
18,18.88
19,14.53
20,13.88
21,13.11
22,11.44
23,7.93
0,8.43
1,6.75
2,9.02
3,9.03
4,10.3
5,11.56
6,14.74
7,15.43
8,16.21
9,19.73
10,22.43
11,20.61
12,24.07
13,22.45
14,20.11
15,23.48
16,22.56
17,20.53
18,17.24
19,16.11
20,13.59
21,10.63
22,9.47
23,8.29
0,6.58
1,5.97
2,7.88
3,6.47
4,9.04
5,10.78
6,13.08
7,15.28
8,18.63
9,19.23
10,21.54
11,22.95
12,20.28
13,23.31
14,22.51
15,23.13
16,19.75
17,20.64
18,18.59
19,15.14
20,11.36
21,10.05
22,10.42
23,5.97
0,5.28
1,7.39
2,7.17
3,6.5
4,8.98
5,11.02
6,14.4
7,15.46
8,19.56
9,19.5
10,20.41
11,23.51
12,22.1
13,23.2
14,22.3
15,20.31
16,21.02
17,20.31
18,19.47
19,15.62
20,13.01
21,12.72
22,9.95
23,8.41
0,6.5
1,7.94
2,7.92
3,8.67
4,7.56
5,11.05
6,13.41
7,15.0
8,16.74
9,20.03
10,17.77
11,20.44
12,25.2
13,22.3
14,22.41
15,23.02
16,22.65
17,17.61
18,16.82
19,14.17
20,11.31
21,10.61
22,8.14
23,8.74
0,7.03
1,6.81
2,8.14
3,8.39
4,9.47
5,10.37
6,11.24
7,16.06
8,18.24
9,19.32
10,19.97
11,20.88
12,20.28
13,24.97
14,20.77
15,22.95
16,21.07
17,18.52
18,16.57
19,15.51
20,13.88
21,9.79
22,8.95
23,6.2
0,4.32
1,5.07
2,7.6
3,7.08
4,7.53
5,10.02
6,13.05
7,14.14
8,17.6
9,19.42
10,20.6
11,22.31
12,21.75
13,22.92
14,22.5
15,24.15
16,20.73
17,22.1
18,16.48
19,14.81
20,12.68
21,10.59
22,11.61
23,8.38
0,7.3
1,5.62
2,6.49
3,10.06
4,8.0
5,8.72
6,12.15
7,14.38
8,19.6
9,16.62
10,20.75
11,21.08
12,22.79
13,23.63
14,24.16
15,21.23
16,23.72
17,18.43
18,15.65
19,15.82
20,13.19
21,11.38
22,9.76
23,8.27
0,5.8
1,7.85
2,8.06
3,8.32
4,10.03
5,9.88
6,11.45
7,16.16
8,17.04
9,20.15
10,21.67
11,19.62
12,21.73
13,24.52
14,23.25
15,20.73
16,20.14
17,18.84
18,13.66
19,16.08
20,13.58
21,9.36
22,9.57
23,8.09
0,8.21
1,8.33
2,7.42
3,6.99
4,9.39
5,11.18
6,12.95
7,13.69
8,16.89
9,21.13
10,19.21
11,22.31
12,22.65
13,22.65
14,21.39
15,22.43
16,19.7
17,20.12
18,16.36
19,14.5
20,12.63
21,10.08
22,9.57
23,6.32
0,8.43
1,7.01
2,8.47
3,6.91
4,10.49
5,12.58
6,12.45
7,15.16
8,16.76
9,17.52
10,23.2
11,20.74
12,22.5
13,21.58
14,22.99
15,20.44
16,22.39
17,17.41
18,16.49
19,14.61
20,15.29
21,11.82
22,10.04
23,4.75
0,6.66
1,8.09
2,7.21
3,8.09
4,9.48
5,11.25
6,10.83
7,15.04
8,16.25
9,19.73
10,20.54
11,22.69
12,20.5
13,22.82
14,22.79
15,22.22
16,20.66
17,18.13
18,18.36
19,13.55
20,14.5
21,10.1
22,6.99
23,9.45
0,3.71
1,5.36
2,8.68
3,7.51
4,10.29
5,10.15
6,14.26
7,13.51
8,17.56
9,18.28
10,21.92
11,23.74
12,23.44
13,24.64
14,23.31
15,20.22
16,19.42
17,19.61
18,16.4
19,16.81
20,13.82
21,10.94
22,9.96
23,7.75
0,7.0
1,6.13
2,6.79
3,8.46
4,8.86
5,9.5
6,11.57
7,13.87
8,18.1
9,18.31
10,20.77
11,20.87
12,22.68
13,23.19
14,22.4
15,22.73
16,18.98
17,19.64
18,19.31
19,15.98
20,11.32
21,11.61
22,8.42
23,7.42
0,8.26
1,5.5
2,8.9
3,8.54
4,10.33
5,11.83
6,11.71
7,15.15
8,18.51
9,19.19
10,19.87
11,20.38
12,23.69
13,25.0
14,22.3
15,22.14
16,19.34
17,18.17
18,17.15
19,14.18
20,11.37
21,10.98
22,9.67
23,8.58
0,7.24
1,7.79
2,7.01
3,9.07
4,10.24
5,11.21
6,12.7
7,16.16
8,18.41
9,17.9
10,20.61
11,21.42
12,24.43
13,22.76
14,20.47
15,24.01
16,19.73
17,18.09
18,17.49
19,14.04
20,12.37
21,10.87
22,8.61
23,5.76
0,5.14
1,6.32
2,6.99
3,8.54
4,7.81
5,10.55
6,12.23
7,15.59
8,18.25
9,16.85
10,20.24
11,22.91
12,21.17
13,24.5
14,23.61
15,21.38
16,21.6
17,18.4
18,16.58
19,15.3
20,11.56
21,10.35
22,11.71
23,7.86
0,9.49
1,7.17
2,7.12
3,8.47
4,9.14
5,10.5
6,12.43
7,15.91
8,19.48
9,19.59
10,21.8
11,22.58
12,22.61
13,22.83
14,22.63
15,20.79
16,19.17
17,17.02
18,17.17
19,14.3
20,15.64
21,12.26
22,8.76
23,6.93
0,7.22
1,7.68
2,8.23
3,8.71
4,9.83
5,13.61
6,14.96
7,15.33
8,18.38
9,20.93
10,21.23
11,22.08
12,22.08
13,22.47
14,19.74
15,22.81
16,20.41
17,19.47
18,21.53
19,15.7
20,13.44
21,11.35
22,7.89
23,7.33
0,7.47
1,6.8
2,8.14
3,8.52
4,8.99
5,12.39
6,10.59
7,12.23
8,18.41
9,20.17
10,19.57
11,20.35
12,20.57
13,22.99
14,23.58
15,20.37
16,22.46
17,18.84
18,18.12
19,14.5
20,10.91
21,10.14
22,11.59
23,6.61
0,8.45
1,8.11
2,6.89
3,6.24
4,8.77
5,11.78
6,12.98
7,14.97
8,16.68
9,19.76
10,21.62
11,21.79
12,22.19
13,23.26
14,22.68
15,20.98
16,21.85
17,19.75
18,16.98
19,12.25
20,11.39
21,11.79
22,10.76
23,6.95
0,8.38
1,7.41
2,7.69
3,7.95
4,11.61
5,10.04
6,14.87
7,14.03
8,17.01
9,19.41
10,21.87
11,19.24
12,22.91
13,20.36
14,23.53
15,21.01
16,20.36
17,19.78
18,16.98
19,15.36
20,14.58
21,9.94
22,9.15
23,8.36
0,5.64
1,6.73
2,9.42
3,8.31
4,11.83
5,9.28
6,13.72
7,14.25
8,16.16
9,18.4
10,19.51
11,22.64
12,20.92
13,23.5
14,21.78
15,22.06
16,21.81
17,21.77
18,15.65
19,14.58
20,15.24
21,9.86
22,9.52
23,10.22
0,6.28
1,8.37
2,4.88
3,6.27
4,11.44
5,11.46
6,12.18
7,15.66
8,14.68
9,18.33
10,22.49
11,24.0
12,22.45
13,23.18
14,22.55
15,21.58
16,17.52
17,19.57
18,17.07
19,15.77
20,13.44
21,12.17
22,9.11
23,5.99
0,7.48
1,7.13
2,8.81
3,7.36
4,8.7
5,9.85
6,12.21
7,16.64
8,20.37
9,19.68
10,20.69
11,21.61
12,22.96
13,21.25
14,21.42
15,20.64
16,19.22
17,20.34
18,14.49
19,16.77
20,12.08
21,11.79
22,8.12
23,7.57
0,7.45
1,6.85
2,7.62
3,8.83
4,8.55
5,12.66
6,13.82
7,15.61
8,16.43
9,17.3
10,19.1
11,23.32
12,23.24
13,23.46
14,22.07
15,20.39
16,19.77
17,18.28
18,19.71
19,13.89
20,14.1
21,9.87
22,9.72
23,8.67
0,6.73
1,4.57
2,6.79
3,9.35
4,10.77
5,13.85
6,13.88
7,15.02
8,17.04
9,17.33
10,21.31
11,20.59
12,21.76
13,22.4
14,24.41
15,20.34
16,22.72
17,18.53
18,19.39
19,16.59
20,12.81
21,11.32
22,7.55
23,9.87
0,9.69
1,8.5
2,9.66
3,6.66
4,8.13
5,10.49
6,11.35
7,12.15
8,18.08
9,18.93
10,19.9
11,22.35
12,23.16
13,24.29
14,22.85
15,18.84
16,21.27
17,18.48
18,16.61
19,15.55
20,13.55
21,13.89
22,10.01
23,6.42
0,8.07
1,5.21
2,5.71
3,6.37
4,9.11
5,7.7
6,13.44
7,14.66
8,17.73
9,17.01
10,18.71
11,22.8
12,24.95
13,21.59
14,20.58
15,22.03
16,21.31
17,20.19
18,16.6
19,15.17
20,12.8
21,10.65
22,7.37
23,7.65
0,8.07
1,7.77
2,7.62
3,7.15
4,10.1
5,12.46
6,12.93
7,15.43
8,17.32
9,18.73
10,21.31
11,21.86
12,21.76
13,21.84
14,20.32
15,20.88
16,19.24
17,17.8
18,17.64
19,15.4
20,13.09
21,13.09
22,9.05
23,7.89
0,7.52
1,7.84
2,6.62
3,8.13
4,9.14
5,9.84
6,12.57
7,15.16
8,16.1
9,20.66
10,21.57
11,21.34
12,22.39
13,21.76
14,20.63
15,20.73
16,20.28
17,18.63
18,18.06
19,16.58
20,12.34
21,11.12
22,8.93
23,10.15
0,7.82
1,6.75
2,8.32
3,6.12
4,9.31
5,13.34
6,13.37
7,15.16
8,16.68
9,18.86
10,21.9
11,19.13
12,21.02
13,23.5
14,23.13
15,21.41
16,22.05
17,19.88
18,15.45
19,15.11
20,12.89
21,9.41
22,8.34
23,7.1
0,8.45
1,5.08
2,8.36
3,9.31
4,8.11
5,11.18
6,13.17
7,15.26
8,17.87
9,20.45
10,19.28
11,20.13
12,23.65
13,21.65
14,22.46
15,22.86
16,20.47
17,17.14
18,16.72
19,16.34
20,12.14
21,8.76
22,8.94
23,8.44
0,7.15
1,6.73
2,5.21
3,9.0
4,10.59
5,12.35
6,11.15
7,13.15
8,17.11
9,18.97
10,22.02
11,23.8
12,23.73
13,20.99
14,21.85
15,20.39
16,18.05
17,20.51
18,16.79
19,14.28
20,12.9
21,10.05
22,9.77
23,9.01
0,7.54
1,7.26
2,7.49
3,8.75
4,7.2
5,11.06
6,12.6
7,14.94
8,16.17
9,20.14
10,19.51
11,23.24
12,22.87
13,22.83
14,20.28
15,21.63
16,20.54
17,17.51
18,18.1
19,13.66
20,15.38
21,12.23
22,8.65
23,6.92
0,7.36
1,7.01
2,6.18
3,8.03
4,8.22
5,13.12
6,13.08
7,15.61
8,17.6
9,16.32
10,21.69
11,21.18
12,22.87
13,21.84
14,24.33
15,21.68
16,19.78
17,20.03
18,17.89
19,14.91
20,13.27
21,10.08
22,11.38
23,8.71
0,8.85
1,7.57
2,8.43
3,11.92
4,7.46
5,9.88
6,13.56
7,13.81
8,17.93
9,16.06
10,22.2
11,22.42
12,22.93
13,24.42
14,23.94
15,20.65
16,22.53
17,19.71
18,16.64
19,14.45
20,12.27
21,13.38
22,10.69
23,7.14
0,5.92
1,7.25
2,7.01
3,8.98
4,10.18
5,10.93
6,11.68
7,13.74
8,16.04
9,19.77
10,21.2
11,22.56
12,22.84
13,22.82
14,23.13
15,23.98
16,19.75
17,18.96
18,18.07
19,15.24
20,12.22
21,12.76
22,9.29
23,10.09
0,5.69
1,7.91
2,5.18
3,7.43
4,7.59
5,11.06
6,13.05
7,15.02
8,17.24
9,20.87
10,19.11
11,21.72
12,19.91
13,23.27
14,25.5
15,24.27
16,21.11
17,19.41
18,16.16
19,15.06
20,12.33
21,10.59
22,8.47
23,8.24
0,6.67
1,6.69
2,7.54
3,9.21
4,8.43
5,10.59
6,15.48
7,15.13
8,17.12
9,22.31
10,19.48
11,19.85
12,22.86
13,23.93
14,22.73
15,22.7
16,20.39
17,19.71
18,17.6
19,15.4
20,12.88
21,11.22
22,7.29
23,7.09
0,7.59
1,6.32
2,8.6
3,8.77
4,10.01
5,12.61
6,13.11
7,14.8
8,17.42
9,18.32
10,21.02
11,21.57
12,20.46
13,21.56
14,23.96
15,22.79
16,22.82
17,19.22
18,19.77
19,15.77
20,13.53
21,11.67
22,8.26
23,9.22
0,6.91
1,7.83
2,7.01
3,8.37
4,10.5
5,11.75
6,13.1
7,14.52
8,20.4
9,19.08
10,22.37
11,23.36
12,22.13
13,24.1
14,22.91
15,23.31
16,18.34
17,18.13
18,19.35
19,15.19
20,14.05
21,10.5
22,10.28
23,7.59
0,6.25
1,7.96
2,7.23
3,7.88
4,8.48
5,9.73
6,13.01
7,15.22
8,18.1
9,19.7
10,21.25
11,21.76
12,20.82
13,24.05
14,21.9
15,21.56
16,21.5
17,18.82
18,18.88
19,14.89
20,14.36
21,8.98
22,9.96
23,8.62
0,5.58
1,8.04
2,6.19
3,7.78
4,10.59
5,11.28
6,14.11
7,16.68
8,15.79
9,19.47
10,20.24
11,21.66
12,22.3
13,21.62
14,21.56
15,20.48
16,21.25
17,20.93
18,18.23
19,14.93
20,12.52
21,9.43
22,10.54
23,6.22
0,7.17
1,8.51
2,7.19
3,7.99
4,9.83
5,11.3
6,13.48
7,16.14
8,15.36
9,19.11
10,20.94
11,21.82
12,25.23
13,23.38
14,22.09
15,22.61
16,21.35
17,18.02
18,14.84
19,15.63
20,14.24
21,9.95
22,10.04
23,7.82
0,6.38
1,6.16
2,9.4
3,7.21
4,9.54
5,11.19
6,10.04
7,16.5
8,17.22
9,17.05
10,19.56
11,22.29
12,23.96
13,21.99
14,21.51
15,23.62
16,21.14
17,16.92
18,18.49
19,14.25
20,10.96
21,13.25
22,8.09
23,8.91
0,8.34
1,7.61
2,7.94
3,9.53
4,9.42
5,9.7
6,14.08
7,15.45
8,17.54
9,20.19
10,19.79
11,21.31
12,23.15
13,25.01
14,22.91
15,19.87
16,22.08
17,16.68
18,16.79
19,14.45
20,14.58
21,12.57
22,10.57
23,7.46
0,4.78
1,6.91
2,6.65
3,8.17
4,11.93
5,10.61
6,14.81
7,15.0
8,16.21
9,17.19
10,20.1
11,21.59
12,22.12
13,23.21
14,22.48
15,23.15
16,20.08
17,19.81
18,15.96
19,15.43
20,13.58
21,9.36
22,9.17
23,10.25
0,7.89
1,5.08
2,8.26
3,8.4
4,9.78
5,13.03
6,13.74
7,16.45
8,18.3
9,20.21
10,20.68
11,23.36
12,21.21
13,24.61
14,20.72
15,22.29
16,18.59
17,20.34
18,15.74
19,15.14
20,12.83
21,9.92
22,7.81
23,6.48
0,6.19
1,8.35
2,7.24
3,8.16
4,11.27
5,9.86
6,12.98
7,13.87
8,15.96
9,19.72
10,21.73
11,23.04
12,20.76
13,24.39
14,24.73
15,23.42
16,21.01
17,18.45
18,18.18
19,14.58
20,10.67
21,10.5
22,8.5
23,8.89
0,7.26
1,7.1
2,6.55
3,6.68
4,9.84
5,11.66
6,12.97
7,15.51
8,16.89
9,19.77
10,20.27
11,21.24
12,24.76
13,23.39
14,22.84
15,22.13
16,20.01
17,18.96
18,15.32
19,14.41
20,12.28
21,11.99
22,10.22
23,7.99
0,5.89
1,5.82
2,9.75
3,7.2
4,9.54
5,11.06
6,11.47
7,15.82
8,18.81
9,19.93
10,18.79
11,19.02
12,22.99
13,22.56
14,23.59
15,21.36
16,18.9
17,19.91
18,16.36
19,13.71
20,11.55
21,11.27
22,8.78
23,8.38
0,6.2
1,5.72
2,7.66
3,7.74
4,8.73
5,11.48
6,14.32
7,15.65
8,17.04
9,20.26
10,22.43
11,21.91
12,23.07
13,20.18
14,22.98
15,23.46
16,22.67
17,17.4
18,17.22
19,15.66
20,12.5
21,11.5
22,9.51
23,6.74
0,6.21
1,6.14
2,7.03
3,7.54
4,9.36
5,11.32
6,10.79
7,14.93
8,16.95
9,17.76
10,22.41
11,22.73
12,22.23
13,26.01
14,24.1
15,21.83
16,18.57
17,20.32
18,15.57
19,14.99
20,13.03
21,12.27
22,10.23
23,8.51
0,7.63
1,5.42
2,6.91
3,8.37
4,8.88
5,13.48
6,13.2
7,15.25
8,17.14
9,17.26
10,21.19
11,20.29
12,24.98
13,23.74
14,21.19
15,20.33
16,20.51
17,18.75
18,17.13
19,15.69
20,14.8
21,9.89
22,9.05
23,7.08
0,7.24
1,7.15
2,9.97
3,10.27
4,9.07
5,11.81
6,13.83
7,15.06
8,18.38
9,19.68
10,18.76
11,20.84
12,23.5
13,23.0
14,22.09
15,21.65
16,20.25
17,20.59
18,18.13
19,15.99
20,12.66
21,13.46
22,8.89
23,8.95
0,8.39
1,6.4
2,8.73
3,7.2
4,6.56
5,11.41
6,13.25
7,14.54
8,15.78
9,17.5
10,21.34
11,23.93
12,23.13
13,21.69
14,23.72
15,21.72
16,19.89
17,18.91
18,18.26
19,16.64
20,11.0
21,10.82
22,9.75
23,8.4
0,8.12
1,7.84
2,7.15
3,7.44
4,7.77
5,8.35
6,14.62
7,15.72
8,16.1
9,17.28
10,22.31
11,22.2
12,23.0
13,25.13
14,23.24
15,19.91
16,20.53
17,18.19
18,16.28
19,15.78
20,12.53
21,10.25
22,8.7
23,5.71
0,6.93
1,8.44
2,8.28
3,7.91
4,10.16
5,10.73
6,12.41
7,13.16
8,16.27
9,19.74
10,19.31
11,23.4
12,22.38
13,21.74
14,23.61
15,22.34
16,19.85
17,18.5
18,16.61
19,13.87
20,11.69
21,10.79
22,9.09
23,9.37
0,6.04
1,6.52
2,7.98
3,7.48
4,8.37
5,12.06
6,12.96
7,16.63
8,17.06
9,19.15
10,21.81
11,21.46
12,24.72
13,21.83
14,23.91
15,19.49
16,19.22
17,17.17
18,15.53
19,14.82
20,11.86
21,11.29
22,10.71
23,6.12
0,6.22
1,6.56
2,5.89
3,8.81
4,7.84
5,11.37
6,10.67
7,16.17
8,19.03
9,19.81
10,19.46
11,21.15
12,21.68
13,21.18
14,23.23
15,22.75
16,19.44
17,18.52
18,16.5
19,14.26
20,9.65
21,10.83
22,9.66
23,7.6
0,7.92
1,9.87
2,8.65
3,8.9
4,9.27
5,10.81
6,11.28
7,15.72
8,17.25
9,20.34
10,20.76
11,22.25
12,20.91
13,23.06
14,23.58
15,22.85
16,21.17
17,18.43
18,19.62
19,14.36
20,13.21
21,10.6
22,6.51
23,6.42
0,8.03
1,8.57
2,6.86
3,9.51
4,10.14
5,10.39
6,13.37
7,12.51
8,15.21
9,19.02
10,20.11
11,22.79
12,20.55
13,23.74
14,23.01
15,21.23
16,19.94
17,19.0
18,15.21
19,15.22
20,12.29
21,8.76
22,9.35
23,9.9
0,5.67
1,6.42
2,8.27
3,7.99
4,11.22
5,10.96
6,14.47
7,16.51
8,16.75
9,18.69
10,20.87
11,21.75
12,24.28
13,21.91
14,22.86
15,22.96
16,19.74
17,20.46
18,15.8
19,13.63
20,12.8
21,12.09
22,8.46
23,7.26
0,7.12
1,4.92
2,5.1
3,7.96
4,7.35
5,10.82
6,13.82
7,15.93
8,16.59
9,17.99
10,20.83
11,21.9
12,21.69
13,23.41
14,22.36
15,22.79
16,21.26
17,18.33
18,19.31
19,14.27
20,14.67
21,11.56
22,10.88
23,6.88
0,4.18
1,9.01
2,7.22
3,7.58
4,7.88
5,9.89
6,11.98
7,15.38
8,17.2
9,18.57
10,21.73
11,21.15
12,24.71
13,21.18
14,22.73
15,23.46
16,21.46
17,18.83
18,16.66
19,14.55
20,14.09
21,11.99
22,8.19
23,7.96
0,6.5
1,4.67
2,5.66
3,8.36
4,8.92
5,9.72
6,12.6
7,14.8
8,16.67
9,18.74
10,20.98
11,20.53
12,22.48
13,23.01
14,24.02
15,19.94
16,21.38
17,19.23
18,16.96
19,15.26
20,13.04
21,10.64
22,9.9
23,6.61
0,6.64
1,6.47
2,6.02
3,8.74
4,11.66
5,11.17
6,13.48
7,16.14
8,16.11
9,19.25
10,21.2
11,22.69
12,24.38
13,22.96
14,20.8
15,21.77
16,22.02
17,18.7
18,17.21
19,15.72
20,12.52
21,12.12
22,9.01
23,10.48
0,7.52
1,7.38
2,5.3
3,8.61
4,8.65
5,11.9
6,11.94
7,15.39
8,16.85
9,18.5
10,20.78
11,21.52
12,22.02
13,24.45
14,21.52
15,20.96
16,19.25
17,18.32
18,17.77
19,14.46
20,12.25
21,12.28
22,7.38
23,9.3
0,8.19
1,7.42
2,8.06
3,7.09
4,9.65
5,9.44
6,13.3
7,13.21
8,15.72
9,18.15
10,19.85
11,21.87
12,21.55
13,23.24
14,23.38
15,21.32
16,21.15
17,17.01
18,19.0
19,13.1
20,12.38
21,11.07
22,11.2
23,6.95
0,7.17
1,5.93
2,7.76
3,8.28
4,9.9
5,10.33
6,13.46
7,14.65
8,18.29
9,18.03
10,21.76
11,20.48
12,22.75
13,21.64
14,22.79
15,19.52
16,20.39
17,18.41
18,19.73
19,15.92
20,12.79
21,12.36
22,10.27
23,6.15
0,7.5
1,6.55
2,6.46
3,9.35
4,10.43
5,9.76
6,15.03
7,15.99
8,15.87
9,18.63
10,21.54
11,21.2
12,23.49
13,23.82
14,22.66
15,22.11
16,19.11
17,19.99
18,16.45
19,14.29
20,12.6
21,13.32
22,6.79
23,6.55
0,5.47
1,6.84
2,8.32
3,4.97
4,9.29
5,9.82
6,13.83
7,14.67
8,18.77
9,20.64
10,20.6
11,21.31
12,22.37
13,24.55
14,21.07
15,22.77
16,19.04
17,20.14
18,16.72
19,14.87
20,12.48
21,10.78
22,8.82
23,10.52
0,8.8
1,6.04
2,8.41
3,7.82
4,11.41
5,11.67
6,13.44
7,12.3
8,19.67
9,18.4
10,20.59
11,22.12
12,21.09
13,24.49
14,23.27
15,22.07
16,21.87
17,18.43
18,16.61
19,14.39
20,13.44
21,12.68
22,10.0
23,7.97
0,7.39
1,9.03
2,7.26
3,7.33
4,8.19
5,11.95
6,12.72
7,14.02
8,19.29
9,18.97
10,20.86
11,24.28
12,21.63
13,23.22
14,21.34
15,21.4
16,20.76
17,17.76
18,15.65
19,14.32
20,14.06
21,11.31
22,10.0
23,8.06
0,10.3
1,7.7
2,7.04
3,7.38
4,11.95
5,11.81
6,10.1
7,13.69
8,16.7
9,21.3
10,19.78
11,22.04
12,26.19
13,23.3
14,21.46
15,21.44
16,18.5
17,19.6
18,15.36
19,13.64
20,13.71
21,11.14
22,9.21
23,6.4
0,7.8
1,6.46
2,6.39
3,8.58
4,9.36
5,13.48
6,13.0
7,14.21
8,16.86
9,20.01
10,20.7
11,22.38
12,21.42
13,21.62
14,21.2
15,21.14
16,19.59
17,18.24
18,18.33
19,15.5
20,14.26
21,9.13
22,10.49
23,8.43
0,8.61
1,7.85
2,6.35
3,8.17
4,8.23
5,11.51
6,12.36
7,15.3
8,14.94
9,20.57
10,19.4
11,24.04
12,22.94
13,22.95
14,23.19
15,21.22
16,19.14
17,17.66
18,16.38
19,15.63
20,12.71
21,10.07
22,11.88
23,8.17
0,7.81
1,7.07
2,5.93
3,7.58
4,8.58
5,11.08
6,14.56
7,17.67
8,17.14
9,20.74
10,20.22
11,20.43
12,22.11
13,25.0
14,23.94
15,21.44
16,20.89
17,17.46
18,16.89
19,14.34
20,12.5
21,9.47
22,10.76
23,7.53
0,7.82
1,5.47
2,7.64
3,7.47
4,8.32
5,10.26
6,11.33
7,16.77
8,16.19
9,19.79
10,19.47
11,23.04
12,23.26
13,23.46
14,21.67
15,23.07
16,21.96
17,17.84
18,16.28
19,17.53
20,13.1
21,10.8
22,9.23
23,8.37
0,6.91
1,4.63
2,7.09
3,8.29
4,12.33
5,10.4
6,11.22
7,14.04
8,18.47
9,19.05
10,22.79
11,23.36
12,22.74
13,22.01
14,22.24
15,23.4
16,20.96
17,20.01
18,17.61
19,15.39
20,12.42
21,12.05
22,9.37
23,7.84
0,6.79
1,6.03
2,8.29
3,8.07
4,10.76
5,10.8
6,12.67
7,13.47
8,16.67
9,17.92
10,21.04
11,21.55
12,22.53
13,23.72
14,24.97
15,21.85
16,21.45
17,21.15
18,16.44
19,14.69
20,13.42
21,11.33
22,8.05
23,10.0
0,9.43
1,8.33
2,8.28
3,8.95
4,11.12
5,11.0
6,11.89
7,14.59
8,17.36
9,21.9
10,21.95
11,18.83
12,23.23
13,22.27
14,21.56
15,21.19
16,19.83
17,19.89
18,17.43
19,13.8
20,15.26
21,10.44
22,9.97
23,7.15
0,7.32
1,8.78
2,8.47
3,7.16
4,8.82
5,13.28
6,11.84
7,16.27
8,18.12
9,19.5
10,18.77
11,22.0
12,22.9
13,23.46
14,21.04
15,22.09
16,20.02
17,19.71
18,16.48
19,15.52
20,12.34
21,10.47
22,8.09
23,8.63
0,7.66
1,7.03
2,8.06
3,8.7
4,9.02
5,11.36
6,12.53
7,16.92
8,15.84
9,20.26
10,19.37
11,23.4
12,24.25
13,22.52
14,22.61
15,23.06
16,18.4
17,18.12
18,15.83
19,15.76
20,12.93
21,10.19
22,9.27
23,6.43
0,6.12
1,7.35
2,8.28
3,6.65
4,7.92
5,12.19
6,10.45
7,16.03
8,16.41
9,17.32
10,20.14
11,22.82
12,22.4
13,24.14
14,23.04
15,20.79
16,19.84
17,19.43
18,16.65
19,13.64
20,13.69
21,12.5
22,10.02
23,6.52
0,7.71
1,5.09
2,9.66
3,9.2
4,10.33
5,9.22
6,14.51
7,14.16
8,17.02
9,19.72
10,20.52
11,20.42
12,23.48
13,20.92
14,21.46
15,20.13
16,19.97
17,18.32
18,16.88
19,14.67
20,11.42
21,11.49
22,9.28
23,9.22
0,7.47
1,6.83
2,7.11
3,7.02
4,9.75
5,10.04
6,12.46
7,16.45
8,19.54
9,20.14
10,20.05
11,22.59
12,21.28
13,23.7
14,26.19
15,21.2
16,20.55
17,19.04
18,18.8
19,15.59
20,13.96
21,9.17
22,9.28
23,9.4
0,5.01
1,5.72
2,7.62
3,7.98
4,9.73
5,11.04
6,12.99
7,15.68
8,19.45
9,17.7
10,20.81
11,22.86
12,22.06
13,23.07
14,21.84
15,20.22
16,20.16
17,19.18
18,15.17
19,16.05
20,13.42
21,10.73
22,8.48
23,10.43
0,5.83
1,9.29
2,6.29
3,8.18
4,10.34
5,10.92
6,12.0
7,14.42
8,16.47
9,20.79
10,21.13
11,23.26
12,23.68
13,22.6
14,23.95
15,21.33
16,21.18
17,19.44
18,15.86
19,17.26
20,14.34
21,12.05
22,7.81
23,8.92
0,8.63
1,5.88
2,5.65
3,8.28
4,9.32
5,9.92
6,13.02
7,16.92
8,18.17
9,19.07
10,19.33
11,21.95
12,23.29
13,23.12
14,21.09
15,21.23
16,22.63
17,17.94
18,15.83
19,16.49
20,14.34
21,11.63
22,10.77
23,6.92
0,8.03
1,6.39
2,6.96
3,8.83
4,10.23
5,12.35
6,13.95
7,13.53
8,16.51
9,17.33
10,19.25
11,23.33
12,22.39
13,24.59
14,22.5
15,21.5
16,22.36
17,19.42
18,18.45
19,15.97
20,11.34
21,10.33
22,9.2
23,9.17
0,7.61
1,7.46
2,8.38
3,6.42
4,10.01
5,12.94
6,13.67
7,13.83
8,17.52
9,17.28
10,18.79
11,19.12
12,23.76
13,23.94
14,21.73
15,22.04
16,23.12
17,18.3
18,16.39
19,14.06
20,14.29
21,9.3
22,8.9
23,10.39
0,6.36
1,7.51
2,7.18
3,8.59
4,9.94
5,10.27
6,13.16
7,15.61
8,18.01
9,19.54
10,20.77
11,21.11
12,23.24
13,22.86
14,22.27
15,23.19
16,19.63
17,20.2
18,15.38
19,16.86
20,12.58
21,11.06
22,8.75
23,7.31
0,7.87
1,6.79
2,7.69
3,6.57
4,10.82
5,12.36
6,12.8
7,16.19
8,17.33
9,18.64
10,23.57
11,21.67
12,21.61
13,22.44
14,22.2
15,22.05
16,17.85
17,20.5
18,18.83
19,12.82
20,13.35
21,11.25
22,7.73
23,7.7
0,6.52
1,5.47
2,8.36
3,7.36
4,11.4
5,9.67
6,13.03
7,15.58
8,16.68
9,19.57
10,22.42
11,23.28
12,23.11
13,22.57
14,21.7
15,22.51
16,20.14
17,19.56
18,16.95
19,14.49
20,13.75
21,10.76
22,8.29
23,8.34
0,6.98
1,8.62
2,7.59
3,6.12
4,10.01
5,11.8
6,12.9
7,14.08
8,18.34
9,19.93
10,21.24
11,23.99
12,25.38
13,22.15
14,23.52
15,22.19
16,22.87
17,18.91
18,15.67
19,13.71
20,13.27
21,13.29
22,8.46
23,9.83
0,7.19
1,7.59
2,7.05
3,9.85
4,10.2
5,9.1
6,14.62
7,13.88
8,17.65
9,18.32
10,20.21
11,21.76
12,22.13
13,21.82
14,21.59
15,23.58
16,22.38
17,18.41
18,17.93
19,13.54
20,12.49
21,13.45
22,10.76
23,7.19
0,5.78
1,5.6
2,7.54
3,6.55
4,8.68
5,12.19
6,11.56
7,18.39
8,16.96
9,19.35
10,21.8
11,21.37
12,22.91
13,22.84
14,23.41
15,21.9
16,19.53
17,18.71
18,18.14
19,15.63
20,12.41
21,10.8
22,10.46
23,7.63
0,7.56
1,6.52
2,6.47
3,9.58
4,7.7
5,9.79
6,12.01
7,14.53
8,13.86
9,18.1
10,20.52
11,22.04
12,19.26
13,20.46
14,22.11
15,22.8
16,20.79
17,16.95
18,16.32
19,15.55
20,15.28
21,11.99
22,9.38
23,7.34
0,7.19
1,9.49
2,6.36
3,7.62
4,9.4
5,10.56
6,12.95
7,15.27
8,17.93
9,18.05
10,20.57
11,23.04
12,20.98
13,23.87
14,21.06
15,21.39
16,20.62
17,21.26
18,15.82
19,11.82
20,12.94
21,10.78
22,9.29
23,8.44
0,10.22
1,6.73
2,5.99
3,8.84
4,8.66
5,12.53
6,13.82
7,14.73
8,16.84
9,17.82
10,21.27
11,19.98
12,21.63
13,25.38
14,24.21
15,23.42
16,21.15
17,19.44
18,16.82
19,14.93
20,15.23
21,11.32
22,8.51
23,9.86
0,4.4
1,5.71
2,8.07
3,5.59
4,7.54
5,11.68
6,12.64
7,13.1
8,17.57
9,19.35
10,19.41
11,21.0
12,25.11
13,22.93
14,23.35
15,20.74
16,19.98
17,18.31
18,14.96
19,13.56
20,12.4
21,10.41
22,10.69
23,8.91
0,7.68
1,5.49
2,8.07
3,9.71
4,9.59
5,12.74
6,13.2
7,15.08
8,17.57
9,18.05
10,19.22
11,21.72
12,22.99
13,23.91
14,22.96
15,22.52
16,19.63
17,20.23
18,17.32
19,13.12
20,13.33
21,11.91
22,10.22
23,8.07
0,6.57
1,7.89
2,10.23
3,8.98
4,8.79
5,10.43
6,11.78
7,14.3
8,15.23
9,18.96
10,20.36
11,22.98
12,24.14
13,24.76
14,20.9
15,20.68
16,19.75
17,18.33
18,16.4
19,12.03
20,12.71
21,11.38
22,7.46
23,7.64
0,6.43
1,6.96
2,8.11
3,8.1
4,9.99
5,11.66
6,11.08
7,13.19
8,16.25
9,18.8
10,20.99
11,22.69
12,23.25
13,21.85
14,21.59
15,22.12
16,19.95
17,19.76
18,19.02
19,11.31
20,12.71
21,11.29
22,11.95
23,5.72
0,7.04
1,6.9
2,8.12
3,8.29
4,10.08
5,11.03
6,12.75
7,15.65
8,18.01
9,18.52
10,22.37
11,21.1
12,22.32
13,23.24
14,22.33
15,20.91
16,20.13
17,18.88
18,18.16
19,16.12
20,13.63
21,12.58
22,10.01
23,7.3
0,8.57
1,7.24
2,5.38
3,7.65
4,6.36
5,11.53
6,13.72
7,14.62
8,17.46
9,19.85
10,22.51
11,21.77
12,22.08
13,23.05
14,20.99
15,22.66
16,19.22
17,20.04
18,13.57
19,15.82
20,11.5
21,10.48
22,9.56
23,6.9
0,7.57
1,6.98
2,7.33
3,7.77
4,8.89
5,12.69
6,12.89
7,18.04
8,16.5
9,18.85
10,20.44
11,22.69
12,22.72
13,22.53
14,23.47
15,21.95
16,19.23
17,18.83
18,15.81
19,14.42
20,13.53
21,10.56
22,7.25
23,8.97
0,11.1
1,5.86
2,7.54
3,7.36
4,9.89
5,11.57
6,12.12
7,16.39
8,17.7
9,19.18
10,18.6
11,22.14
12,23.73
13,24.94
14,22.25
15,24.45
16,21.61
17,19.4
18,17.85
19,15.32
20,12.41
21,10.46
22,10.03
23,8.23
0,6.66
1,6.61
2,7.64
3,9.09
4,10.07
5,10.45
6,12.93
7,15.4
8,16.52
9,19.48
10,21.99
11,23.16
12,23.26
13,22.7
14,22.54
15,22.75
16,20.67
17,19.24
18,17.02
19,16.22
20,14.37
21,10.51
22,9.97
23,7.4
0,7.13
1,6.35
2,7.67
3,8.3
4,10.46
5,9.2
6,12.17
7,16.0
8,16.16
9,18.67
10,18.93
11,23.92
12,20.39
13,23.89
14,19.2
15,20.35
16,20.63
17,17.68
18,15.92
19,14.75
20,13.38
21,13.01
22,10.28
23,7.57
0,7.61
1,5.55
2,6.93
3,7.2
4,9.67
5,10.7
6,12.64
7,18.71
8,17.57
9,19.62
10,20.21
11,22.52
12,23.9
13,21.9
14,23.21
15,20.12
16,18.82
17,18.52
18,18.91
19,16.35
20,13.44
21,9.75
22,8.77
23,9.74
0,6.01
1,7.85
2,5.96
3,8.76
4,10.18
5,12.82
6,12.4
7,14.28
8,18.69
9,19.99
10,21.33
11,22.55
12,21.73
13,24.46
14,22.61
15,22.21
16,18.98
17,19.86
18,18.21
19,14.53
20,13.36
21,12.56
22,8.62
23,6.24
0,6.52
1,6.78
2,6.58
3,7.77
4,8.3
5,11.46
6,14.31
7,15.4
8,17.48
9,18.12
10,19.32
11,23.02
12,21.82
13,20.61
14,23.48
15,21.06
16,19.76
17,19.41
18,19.15
19,15.09
20,12.54
21,10.91
22,9.46
23,8.29
0,8.46
1,7.75
2,7.56
3,6.31
4,9.58
5,10.88
6,13.52
7,17.16
8,19.56
9,19.15
10,20.91
11,21.13
12,20.13
13,22.54
14,23.01
15,23.09
16,20.65
17,19.84
18,15.87
19,14.12
20,13.7
21,11.06
22,9.27
23,9.92
0,6.58
1,5.53
2,6.55
3,9.92
4,8.25
5,10.88
6,15.21
7,16.66
8,17.44
9,18.56
10,22.71
11,21.42
12,22.97
13,23.36
14,19.63
15,21.27
16,21.19
17,18.67
18,18.65
19,15.18
20,11.78
21,10.3
22,9.92
23,7.94
0,5.68
1,6.27
2,6.35
3,8.41
4,9.65
5,10.19
6,13.44
7,14.58
8,15.94
9,21.94
10,19.39
11,20.75
12,20.25
13,23.58
14,21.11
15,22.01
16,20.16
17,17.98
18,16.24
19,16.23
20,13.68
21,11.21
22,9.55
23,5.39
0,7.03
1,7.75
2,6.12
3,10.7
4,9.74
5,8.45
6,16.22
7,14.69
8,17.55
9,19.55
10,22.33
11,22.37
12,21.86
13,24.51
14,21.39
15,22.71
16,16.99
17,18.12
18,18.51
19,13.86
20,13.83
21,9.61
22,9.66
23,6.98
0,7.6
1,6.31
2,8.02
3,8.08
4,10.49
5,12.77
6,15.25
7,12.64
8,16.29
9,18.72
10,20.75
11,20.99
12,23.76
13,22.45
14,23.75
15,20.9
16,20.82
17,17.52
18,17.14
19,14.14
20,12.84
21,10.65
22,9.26
23,9.45
0,9.13
1,6.57
2,7.79
3,6.33
4,7.92
5,10.86
6,13.48
7,16.58
8,18.57
9,18.61
10,21.56
11,23.65
12,24.58
13,25.06
14,22.24
15,22.34
16,21.35
17,18.52
18,18.21
19,13.82
20,12.7
21,12.0
22,9.88
23,7.43
0,6.86
1,7.92
2,7.9
3,9.56
4,7.37
5,10.69
6,12.88
7,15.84
8,18.42
9,18.3
10,18.13
11,24.71
12,23.21
13,22.82
14,22.98
15,23.66
16,21.31
17,18.16
18,15.59
19,15.24
20,11.91
21,9.87
22,8.44
23,7.3
0,5.9
1,6.63
2,7.03
3,8.64
4,8.63
5,11.22
6,12.21
7,14.86
8,18.13
9,19.88
10,20.04
11,22.33
12,23.66
13,22.77
14,22.6
15,21.63
16,19.44
17,20.23
18,17.66
19,15.74
20,11.75
21,9.07
22,10.46
23,6.06
0,8.19
1,8.15
2,7.24
3,8.41
4,9.31
5,9.18
6,12.25
7,16.0
8,17.94
9,18.19
10,19.27
11,20.79
12,22.95
13,21.17
14,22.13
15,22.18
16,19.81
17,16.27
18,16.55
19,15.56
20,13.38
21,10.71
22,7.73
23,7.98
0,7.59
1,9.97
2,7.04
3,7.23
4,10.56
5,11.45
6,12.69
7,15.72
8,18.27
9,18.82
10,20.52
11,21.92
12,24.24
13,22.26
14,20.28
15,21.83
16,21.17
17,17.32
18,17.09
19,15.69
20,14.43
21,9.9
22,11.51
23,8.33
0,8.02
1,5.02
2,6.57
3,6.41
4,9.92
5,10.18
6,10.68
7,15.89
8,15.98
9,20.06
10,20.66
11,20.69
12,22.37
13,24.22
14,21.1
15,22.64
16,20.68
17,19.51
18,16.72
19,13.68
20,12.7
21,10.99
22,9.53
23,3.63
0,8.84
1,6.83
2,6.76
3,8.11
4,8.82
5,10.2
6,13.57
7,16.52
8,17.63
9,18.63
10,21.86
11,22.73
12,21.65
13,21.05
14,19.81
15,25.0
16,19.81
17,19.87
18,16.03
19,17.52
20,13.42
21,11.68
22,10.11
23,8.34
0,7.9
1,7.79
2,6.56
3,8.08
4,11.56
5,11.15
6,10.99
7,15.05
8,16.32
9,18.58
10,20.8
11,23.6
12,21.82
13,24.36
14,25.09
15,24.65
16,22.07
17,20.47
18,15.34
19,16.08
20,11.97
21,10.64
22,9.98
23,11.11
0,5.47
1,5.89
2,7.35
3,7.43
4,9.16
5,11.21
6,11.65
7,12.87
8,16.62
9,19.33
10,21.49
11,20.8
12,21.63
13,24.93
14,21.14
15,22.78
16,20.71
17,17.13
18,15.31
19,12.08
20,11.36
21,7.96
22,10.56
23,7.08
0,7.46
1,8.53
2,6.08
3,7.05
4,10.06
5,12.43
6,12.9
7,15.84
8,19.76
9,16.95
10,19.58
11,22.28
12,23.52
13,24.82
14,23.17
15,22.25
16,19.95
17,19.0
18,16.38
19,14.86
20,13.81
21,12.42
22,8.45
23,7.44
0,6.17
1,7.72
2,8.3
3,6.48
4,11.22
5,9.76
6,10.85
7,16.37
8,17.55
9,19.21
10,22.11
11,21.56
12,23.84
13,22.56
14,23.26
15,21.51
16,22.09
17,19.0
18,17.0
19,16.11
20,12.87
21,10.18
22,9.12
23,8.48
0,5.6
1,6.48
2,8.03
3,5.79
4,10.65
5,11.54
6,14.7
7,14.44
8,16.92
9,18.86
10,20.47
11,21.54
12,24.41
13,24.08
14,20.89
15,21.6
16,21.27
17,19.44
18,18.49
19,12.27
20,11.97
21,11.16
22,10.23
23,9.09
0,8.18
1,8.02
2,5.69
3,7.78
4,8.58
5,11.88
6,13.62
7,15.08
8,18.81
9,20.36
10,21.23
11,23.15
12,23.31
13,22.75
14,23.8
15,22.91
16,20.63
17,20.19
18,16.08
19,15.69
20,12.58
21,12.97
22,11.17
23,7.4
0,5.4
1,7.8
2,8.49
3,9.32
4,10.25
5,13.9
6,12.55
7,14.22
8,15.19
9,19.03
10,21.69
11,20.78
12,23.38
13,22.34
14,23.43
15,22.89
16,22.18
17,21.3
18,17.21
19,16.01
20,11.72
21,11.4
22,11.9
23,7.26
0,6.71
1,7.57
2,6.79
3,6.98
4,8.25
5,11.27
6,11.69
7,16.39
8,15.86
9,18.34
10,20.99
11,22.41
12,22.49
13,23.27
14,23.26
15,21.59
16,19.52
17,17.13
18,16.74
19,13.26
20,13.62
21,10.76
22,10.76
23,8.77
0,8.36
1,7.42
2,7.03
3,6.87
4,9.59
5,10.91
6,12.58
7,14.62
8,17.18
9,19.72
10,20.21
11,21.12
12,24.14
13,22.86
14,22.35
15,22.17
16,20.75
17,21.68
18,15.81
19,15.05
20,14.52
21,10.31
22,8.95
23,8.65
0,6.56
1,6.97
2,6.05
3,8.39
4,9.37
5,10.24
6,14.37
7,12.54
8,14.74
9,21.26
10,20.14
11,20.41
12,24.46
13,22.49
14,22.06
15,23.06
16,19.25
17,18.42
18,15.74
19,14.05
20,12.03
21,10.52
22,10.37
23,7.61
0,5.67
1,7.73
2,10.0
3,5.02
4,9.11
5,9.39
6,12.89
7,15.76
8,17.9
9,18.61
10,20.13
11,23.21
12,21.71
13,20.36
14,22.5
15,22.46
16,21.76
17,20.98
18,16.35
19,14.29
20,13.24
21,12.59
22,8.01
23,9.7
0,6.32
1,4.7
2,7.48
3,8.41
4,11.14
5,10.33
6,14.96
7,10.55
8,17.06
9,18.06
10,18.94
11,23.49
12,23.24
13,23.74
14,24.09
15,22.14
16,20.85
17,18.88
18,15.38
19,14.42
20,12.71
21,13.44
22,8.32
23,10.06
0,5.82
1,6.57
2,8.7
3,8.51
4,11.92
5,10.76
6,13.11
7,14.09
8,16.07
9,18.5
10,21.42
11,24.02
12,21.07
13,23.83
14,21.16
15,22.77
16,21.24
17,18.77
18,16.97
19,13.13
20,12.14
21,11.56
22,10.59
23,8.17
0,7.63
1,4.05
2,7.67
3,8.37
4,8.28
5,11.39
6,14.49
7,14.03
8,17.84
9,20.49
10,21.85
11,22.6
12,20.63
13,23.94
14,21.52
15,22.55
16,18.6
17,17.45
18,16.26
19,16.23
20,12.89
21,11.65
22,7.02
23,6.24
0,6.77
1,5.89
2,7.45
3,8.45
4,9.44
5,9.37
6,11.15
7,14.59
8,18.94
9,20.54
10,20.87
11,21.98
12,23.33
13,22.0
14,24.39
15,20.47
16,19.48
17,18.54
18,18.04
19,15.43
20,13.09
21,11.9
22,8.47
23,7.82
0,6.58
1,8.72
2,5.23
3,7.21
4,7.32
5,10.44
6,13.08
7,13.87
8,16.9
9,17.79
10,21.29
11,22.0
12,21.15
13,21.71
14,23.49
15,21.05
16,18.55
17,18.39
18,15.17
19,15.06
20,10.77
21,11.61
22,8.76
23,8.14
0,7.42
1,5.72
2,6.88
3,9.16
4,7.58
5,8.84
6,14.2
7,14.13
8,17.72
9,18.93
10,21.34
11,21.31
12,22.22
13,23.05
14,19.76
15,20.63
16,19.09
17,20.56
18,18.23
19,16.02
20,13.54
21,11.19
22,8.98
23,7.11
0,6.79
1,7.03
2,6.95
3,6.72
4,9.57
5,9.91
6,16.09
7,14.74
8,19.12
9,17.72
10,18.56
11,21.44
12,21.45
13,23.41
14,24.74
15,21.82
16,20.59
17,17.64
18,16.95
19,14.61
20,13.79
21,9.37
22,10.12
23,8.08
0,8.2
1,7.25
2,5.7
3,8.85
4,9.31
5,10.74
6,13.14
7,14.09
8,17.13
9,17.2
10,21.66
11,21.76
12,22.84
13,23.33
14,22.61
15,23.71
16,18.13
17,18.87
18,17.61
19,14.95
20,13.64
21,9.71
22,9.91
23,7.46
0,7.67
1,7.38
2,7.4
3,7.91
4,7.97
5,10.94
6,12.26
7,15.51
8,17.18
9,18.68
10,20.25
11,22.71
12,23.83
13,22.6
14,23.94
15,23.92
16,21.01
17,17.94
18,18.01
19,14.16
20,13.08
21,10.82
22,10.26
23,8.82
0,7.0
1,5.92
2,6.25
3,8.54
4,8.54
5,11.11
6,12.95
7,16.95
8,14.68
9,20.31
10,18.22
11,20.94
12,23.01
13,23.2
14,23.54
15,22.26
16,21.09
17,20.82
18,14.32
19,15.62
20,13.66
21,9.91
22,9.96
23,5.73
0,7.33
1,7.63
2,7.08
3,8.52
4,10.02
5,12.28
6,12.55
7,15.16
8,16.32
9,19.12
10,21.07
11,21.43
12,23.77
13,23.16
14,21.37
15,19.31
16,20.26
17,16.65
18,17.63
19,14.5
20,14.44
21,10.49
22,10.57
23,5.91
0,7.86
1,6.44
2,9.34
3,7.35
4,9.9
5,11.42
6,11.5
7,15.13
8,17.77
9,18.07
10,16.5
11,21.34
12,23.79
13,23.44
14,20.82
15,22.16
16,21.31
17,18.68
18,18.33
19,15.16
20,14.26
21,12.24
22,10.35
23,9.94
0,6.92
1,7.21
2,4.4
3,9.32
4,7.7
5,11.84
6,14.08
7,15.08
8,16.83
9,18.07
10,20.45
11,21.2
12,22.35
13,23.46
14,23.71
15,20.99
16,18.5
17,18.81
18,17.5
19,13.06
20,13.56
21,12.21
22,9.4
23,6.71
0,7.88
1,5.5
2,6.87
3,9.24
4,9.48
5,9.7
6,12.41
7,16.16
8,16.07
9,18.68
10,22.02
11,22.52
12,21.67
13,23.74
14,22.31
15,20.89
16,19.45
17,19.6
18,17.97
19,14.88
20,12.53
21,10.57
22,9.67
23,8.04
0,5.63
1,8.38
2,6.38
3,8.25
4,7.92
5,10.44
6,12.04
7,15.94
8,17.03
9,19.66
10,19.6
11,21.49
12,22.33
13,22.49
14,21.78
15,22.35
16,22.8
17,18.32
18,18.62
19,14.7
20,13.8
21,11.52
22,10.21
23,6.99
0,8.96
1,6.83
2,7.41
3,8.92
4,9.69
5,10.17
6,10.58
7,14.08
8,17.62
9,18.79
10,18.21
11,20.82
12,24.47
13,23.8
14,23.62
15,21.37
16,21.46
17,18.82
18,15.52
19,13.45
20,12.31
21,13.01
22,11.29
23,8.1
0,7.37
1,8.32
2,8.45
3,7.96
4,9.33
5,13.51
6,13.47
7,15.29
8,16.0
9,18.61
10,19.42
11,21.06
12,22.92
13,22.15
14,22.97
15,21.67
16,20.17
17,17.52
18,17.02
19,15.07
20,14.42
21,11.34
22,11.76
23,8.65
0,6.29
1,5.9
2,7.15
3,7.86
4,10.24
5,11.51
6,11.34
7,15.06
8,17.81
9,21.21
10,19.32
11,19.27
12,22.45
13,23.81
14,22.09
15,22.63
16,21.47
17,18.47
18,17.38
19,13.72
20,13.27
21,11.29
22,11.14
23,6.57
0,7.87
1,7.68
2,6.67
3,8.8
4,10.2
5,11.04
6,13.14
7,14.56
8,15.19
9,18.52
10,20.57
11,23.08
12,22.23
13,23.25
14,24.09
15,22.69
16,20.33
17,18.76
18,17.98
19,15.35
20,13.12
21,10.08
22,10.73
23,8.35
0,8.85
1,8.33
2,7.71
3,7.97
4,9.52
5,10.82
6,13.85
7,15.61
8,15.05
9,19.32
10,21.59
11,20.24
12,22.14
13,23.36
14,23.3
15,22.02
16,20.21
17,20.26
18,16.24
19,13.59
20,12.85
21,10.53
22,8.81
23,5.9
0,6.22
1,6.78
2,6.38
3,7.8
4,9.77
5,13.83
6,15.66
7,14.4
8,17.51
9,19.63
10,22.06
11,22.3
12,22.04
13,23.8
14,21.89
15,20.44
16,20.98
17,19.91
18,16.82
19,17.04
20,13.21
21,11.3
22,8.95
23,7.07
0,8.58
1,7.89
2,7.02
3,7.48
4,8.0
5,11.46
6,12.36
7,15.99
8,17.7
9,20.49
10,20.69
11,21.3
12,20.68
13,22.17
14,21.02
15,21.89
16,20.73
17,19.3
18,15.97
19,14.74
20,11.88
21,11.4
22,10.1
23,6.66
0,6.46
1,5.76
2,7.17
3,7.92
4,9.28
5,10.18
6,11.26
7,14.9
8,16.73
9,19.21
10,21.97
11,21.97
12,22.8
13,23.37
14,21.64
15,20.47
16,22.34
17,18.88
18,15.73
19,13.94
20,13.62
21,11.82
22,10.27
23,8.17
0,8.55
1,5.64
2,7.12
3,8.12
4,10.26
5,11.61
6,13.53
7,15.59
8,16.75
9,19.94
10,19.78
11,20.53
12,22.77
13,22.47
14,20.62
15,21.91
16,18.56
17,18.14
18,18.15
19,16.57
20,11.21
21,13.38
22,11.2
23,9.84
0,7.08
1,7.59
2,6.21
3,8.22
4,9.35
5,10.27
6,13.22
7,15.31
8,15.27
9,16.85
10,20.09
11,22.66
12,24.17
13,21.58
14,23.03
15,22.99
16,21.41
17,19.78
18,16.45
19,14.93
20,13.33
21,10.01
22,10.79
23,5.99
0,5.57
1,8.62
2,6.78
3,10.22
4,9.82
5,10.6
6,12.06
7,13.19
8,16.13
9,21.51
10,21.07
11,21.3
12,22.68
13,22.68
14,21.1
15,24.32
16,21.58
17,18.15
18,14.43
19,15.93
20,12.51
21,14.19
22,8.72
23,8.41
0,6.88
1,6.85
2,8.16
3,6.37
4,8.66
5,12.55
6,14.22
7,12.97
8,15.88
9,17.47
10,20.99
11,21.12
12,21.82
13,24.7
14,22.95
15,20.08
16,22.15
17,20.11
18,17.26
19,15.53
20,13.78
21,11.0
22,8.04
23,7.9
0,7.53
1,6.36
2,9.55
3,9.5
4,7.18
5,12.9
6,12.99
7,15.24
8,16.73
9,17.84
10,19.17
11,22.42
12,23.21
13,23.81
14,23.77
15,22.51
16,19.62
17,19.77
18,16.47
19,13.44
20,12.5
21,11.63
22,9.64
23,5.71
0,6.75
1,7.22
2,6.41
3,7.71
4,8.06
5,11.05
6,12.32
7,15.33
8,18.97
9,18.47
10,20.21
11,24.17
12,20.55
13,22.45
14,21.03
15,23.6
16,20.94
17,18.93
18,16.49
19,16.21
20,11.46
21,10.65
22,8.79
23,9.09
0,6.98
1,3.73
2,6.43
3,8.8
4,10.42
5,11.99
6,12.93
7,12.81
8,17.05
9,19.28
10,18.53
11,22.3
12,22.42
13,22.36
14,23.9
15,24.53
16,20.67
17,19.6
18,17.49
19,14.25
20,14.89
21,11.75
22,8.7
23,8.31
0,7.86
1,6.99
2,7.54
3,8.11
4,8.64
5,12.92
6,12.08
7,18.27
8,16.8
9,20.41
10,17.26
11,20.39
12,21.56
13,23.23
14,24.84
15,19.95
16,18.96
17,19.75
18,16.79
19,15.83
20,11.52
21,8.71
22,8.74
23,8.66
0,7.3
1,7.94
2,7.82
3,5.13
4,9.08
5,12.09
6,11.62
7,14.77
8,15.77
9,20.0
10,21.65
11,21.75
12,21.77
13,22.81
14,23.14
15,23.2
16,21.58
17,18.94
18,17.64
19,14.36
20,15.32
21,12.51
22,9.44
23,8.73
0,6.52
1,4.56
2,8.08
3,10.53
4,10.31
5,10.84
6,14.71
7,15.47
8,17.35
9,19.23
10,23.12
11,21.99
12,23.58
13,22.78
14,22.43
15,20.37
16,18.61
17,18.49
18,17.76
19,16.16
20,13.89
21,11.39
22,9.44
23,7.39
0,6.38
1,7.89
2,6.54
3,8.14
4,9.06
5,11.31
6,12.65
7,13.98
8,17.93
9,20.29
10,21.92
11,20.0
12,21.76
13,22.6
14,23.57
15,23.19
16,20.32
17,19.23
18,17.53
19,13.8
20,13.34
21,12.47
22,8.16
23,7.47
0,8.37
1,7.59
2,8.68
3,7.59
4,7.82
5,10.24
6,12.35
7,15.55
8,17.65
9,18.05
10,22.41
11,21.7
12,23.61
13,23.03
14,23.57
15,23.54
16,21.75
17,20.7
18,17.82
19,13.87
20,12.48
21,10.45
22,9.12
23,6.69
0,7.92
1,8.53
2,5.22
3,4.78
4,9.61
5,7.39
6,13.18
7,14.47
8,16.0
9,17.55
10,19.84
11,21.02
12,22.18
13,22.91
14,22.97
15,21.85
16,19.84
17,20.03
18,16.59
19,15.3
20,12.15
21,9.37
22,9.56
23,8.92
0,6.41
1,8.69
2,9.96
3,7.0
4,5.92
5,9.06
6,14.83
7,13.98
8,16.9
9,18.3
10,20.29
11,21.75
12,22.58
13,24.26
14,23.96
15,21.91
16,20.73
17,15.29
18,16.02
19,14.17
20,14.05
21,12.11
22,9.24
23,7.18
0,8.1
1,6.43
2,8.37
3,6.16
4,10.05
5,9.79
6,13.77
7,14.43
8,16.18
9,18.99
10,21.17
11,21.03
12,24.62
13,24.88
14,23.31
15,22.91
16,21.88
17,18.59
18,16.54
19,15.58
20,12.28
21,10.66
22,8.72
23,8.8
0,6.66
1,7.56
2,6.59
3,7.19
4,10.63
5,10.26
6,12.02
7,14.65
8,17.63
9,18.99
10,21.99
11,22.98
12,22.28
13,22.05
14,23.04
15,22.87
16,20.77
17,17.04
18,15.98
19,16.19
20,14.3
21,12.07
22,9.22
23,6.31
0,5.73
1,8.34
2,8.98
3,6.79
4,9.13
5,12.67
6,11.52
7,15.34
8,16.33
9,16.87
10,18.44
11,22.93
12,21.54
13,20.92
14,22.07
15,22.55
16,21.24
17,20.07
18,17.79
19,13.03
20,14.48
21,12.01
22,8.36
23,7.49
0,6.71
1,6.66
2,6.32
3,8.87
4,10.89
5,11.33
6,12.42
7,14.72
8,15.09
9,18.74
10,19.6
11,21.67
12,22.1
13,20.58
14,23.3
15,20.73
16,20.74
17,17.24
18,16.75
19,15.74
20,14.03
21,10.73
22,11.2
23,6.73
0,6.29
1,7.12
2,8.19
3,8.01
4,11.16
5,10.8
6,15.21
7,15.48
8,15.95
9,18.08
10,20.83
11,22.1
12,24.79
13,24.48
14,22.0
15,21.76
16,18.38
17,19.13
18,17.65
19,15.74
20,12.09
21,10.89
22,8.29
23,8.42
0,6.32
1,7.8
2,7.84
3,7.76
4,9.22
5,12.04
6,10.64
7,15.0
8,15.5
9,18.89
10,19.4
11,21.37
12,20.71
13,21.94
14,23.08
15,22.34
16,19.08
17,19.78
18,18.22
19,16.14
20,13.55
21,11.43
22,10.01
23,7.08
0,5.97
1,5.8
2,5.82
3,6.4
4,7.68
5,10.46
6,12.88
7,13.03
8,14.63
9,18.62
10,20.11
11,21.14
12,21.96
13,20.09
14,23.88
15,22.95
16,20.46
17,18.93
18,16.74
19,15.43
20,11.08
21,11.98
22,8.29
23,5.87
0,6.23
1,6.1
2,4.95
3,7.77
4,10.72
5,10.93
6,12.67
7,15.33
8,15.63
9,17.02
10,19.63
11,20.66
12,22.65
13,22.82
14,24.51
15,22.78
16,21.99
17,18.67
18,16.78
19,14.04
20,11.45
21,10.53
22,10.53
23,10.7
0,11.02
1,7.55
2,6.44
3,8.29
4,10.96
5,9.85
6,12.53
7,15.11
8,18.63
9,18.7
10,18.42
11,20.38
12,21.98
13,23.71
14,23.9
15,23.32
16,19.42
17,18.76
18,18.27
19,14.44
20,14.38
21,10.16
22,7.2
23,8.34
0,7.62
1,5.17
2,5.42
3,6.16
4,8.96
5,8.36
6,12.64
7,17.1
8,16.1
9,18.99
10,19.66
11,19.03
12,21.22
13,23.32
14,24.44
15,23.68
16,22.13
17,18.94
18,16.44
19,16.41
20,13.11
21,10.56
22,9.19
23,7.76
0,8.39
1,7.34
2,6.95
3,7.96
4,9.8
5,11.58
6,12.57
7,16.22
8,18.78
9,17.45
10,22.1
11,22.28
12,24.44
13,22.81
14,22.84
15,23.6
16,20.41
17,17.43
18,16.61
19,13.24
20,12.26
21,11.72
22,9.67
23,8.03
0,6.38
1,4.97
2,8.22
3,6.24
4,11.28
5,10.56
6,11.87
7,16.06
8,18.3
9,18.43
10,21.53
11,22.48
12,21.39
13,23.73
14,21.68
15,22.4
16,20.54
17,18.02
18,19.14
19,15.4
20,12.57
21,11.04
22,8.06
23,9.25
0,6.74
1,6.69
2,6.69
3,9.68
4,9.41
5,13.16
6,12.9
7,16.46
8,15.79
9,16.72
10,19.68
11,23.21
12,22.2
13,22.09
14,21.8
15,22.2
16,19.46
17,19.68
18,16.25
19,15.11
20,13.38
21,13.39
22,9.86
23,8.02
0,7.19
1,8.07
2,8.1
3,6.42
4,8.32
5,11.54
6,12.72
7,14.83
8,17.7
9,19.75
10,21.56
11,20.66
12,21.32
13,25.17
14,23.05
15,21.04
16,23.72
17,18.44
18,18.1
19,13.35
20,12.89
21,8.81
22,6.88
23,7.64
0,7.16
1,8.56
2,6.78
3,7.66
4,9.65
5,11.02
6,12.5
7,14.6
8,16.3
9,19.45
10,22.14
11,22.27
12,22.46
13,21.65
14,21.18
15,24.37
16,20.15
17,19.55
18,15.57
19,13.49
20,14.77
21,9.34
22,10.06
23,8.39
0,8.38
1,9.14
2,8.05
3,8.75
4,9.25
5,10.76
6,10.79
7,16.08
8,17.54
9,18.55
10,22.41
11,22.5
12,22.95
13,21.99
14,21.85
15,23.16
16,23.57
17,17.43
18,16.04
19,15.13
20,11.47
21,12.89
22,9.92
23,5.95
0,7.65
1,6.28
2,7.66
3,6.77
4,7.77
5,11.3
6,13.88
7,16.57
8,18.38
9,18.4
10,20.21
11,21.8
12,24.27
13,23.9
14,23.33
15,22.57
16,20.29
17,19.77
18,18.03
19,14.94
20,13.87
21,10.3
22,9.29
23,7.68
0,6.82
1,6.97
2,6.14
3,6.38
4,7.88
5,12.67
6,15.83
7,12.04
8,16.84
9,19.06
10,20.91
11,22.76
12,21.85
13,25.12
14,23.0
15,22.64
16,20.4
17,19.41
18,16.09
19,14.71
20,13.06
21,9.3
22,9.82
23,8.25
0,6.04
1,6.72
2,7.65
3,8.37
4,8.96
5,10.37
6,11.85
7,17.2
8,15.96
9,19.81
10,20.07
11,22.27
12,22.39
13,23.33
14,22.61
15,23.22
16,21.06
17,20.34
18,19.66
19,14.34
20,10.92
21,9.75
22,9.3
23,9.27
0,5.7
1,6.73
2,5.47
3,6.44
4,7.32
5,11.85
6,14.15
7,14.14
8,18.8
9,18.62
10,20.65
11,21.86
12,23.31
13,23.84
14,22.76
15,21.09
16,18.95
17,16.62
18,17.84
19,16.16
20,12.98
21,12.84
22,10.13
23,7.96
0,6.78
1,5.87
2,7.89
3,9.99
4,8.55
5,10.71
6,12.75
7,14.48
8,16.3
9,19.18
10,22.94
11,21.28
12,24.18
13,25.11
14,23.98
15,23.75
16,22.08
17,18.37
18,16.91
19,12.54
20,12.5
21,10.33
22,12.28
23,7.2
0,8.32
1,6.86
2,8.23
3,5.93
4,9.0
5,10.95
6,12.7
7,16.78
8,18.03
9,18.02
10,21.21
11,20.74
12,21.08
13,22.24
14,22.53
15,21.19
16,20.19
17,19.05
18,17.59
19,16.39
20,14.31
21,12.19
22,7.92
23,7.13
0,8.8
1,5.02
2,7.25
3,7.88
4,9.01
5,11.8
6,12.85
7,16.44
8,16.71
9,17.94
10,20.51
11,23.28
12,21.51
13,24.11
14,23.75
15,22.3
16,20.69
17,20.77
18,17.79
19,13.34
20,12.45
21,9.99
22,10.05
23,7.25
0,6.6
1,6.76
2,6.49
3,9.25
4,8.25
5,10.21
6,14.07
7,14.63
8,17.77
9,17.59
10,20.83
11,22.54
12,20.7
13,26.02
14,24.39
15,23.74
16,20.38
17,17.97
18,16.75
19,14.64
20,11.81
21,10.82
22,11.04
23,7.54
0,7.22
1,5.01
2,7.66
3,9.22
4,7.91
5,8.89
6,12.84
7,14.61
8,18.57
9,20.18
10,19.98
11,22.02
12,20.63
13,22.12
14,22.82
15,20.49
16,21.96
17,20.13
18,17.95
19,14.23
20,14.67
21,12.2
22,9.09
23,8.47
0,5.76
1,8.64
2,8.09
3,7.31
4,9.39
5,13.03
6,13.34
7,16.48
8,15.69
9,17.7
10,18.21
11,22.49
12,22.86
13,23.13
14,22.12
15,21.67
16,21.13
17,17.55
18,16.07
19,16.23
20,12.13
21,10.04
22,9.85
23,7.02
0,6.95
1,10.13
2,7.75
3,8.13
4,10.55
5,9.26
6,15.13
7,17.34
8,15.81
9,16.65
10,20.28
11,20.51
12,21.89
13,24.62
14,22.03
15,22.9
16,21.41
17,19.17
18,18.01
19,16.15
20,13.24
21,10.81
22,10.52
23,7.14
0,8.44
1,7.41
2,9.58
3,8.77
4,8.76
5,10.49
6,11.62
7,14.8
8,16.29
9,19.65
10,21.6
11,21.58
12,25.93
13,23.68
14,22.76
15,20.65
16,19.42
17,19.6
18,17.5
19,13.21
20,13.45
21,11.59
22,7.24
23,8.51
0,4.88
1,5.06
2,7.63
3,8.34
4,9.57
5,11.19
6,14.1
7,15.15
8,15.4
9,20.69
10,22.61
11,21.64
12,22.33
13,22.65
14,24.45
15,23.87
16,22.8
17,17.7
18,14.92
19,16.58
20,14.31
21,9.32
22,9.54
23,8.24
0,7.33
1,8.77
2,5.27
3,8.84
4,10.22
5,11.66
6,11.03
7,13.85
8,16.38
9,19.76
10,21.62
11,21.4
12,23.04
13,21.94
14,24.25
15,24.57
16,21.26
17,18.83
18,17.92
19,15.01
20,12.93
21,13.26
22,9.24
23,7.05
0,8.28
1,5.75
2,8.12
3,9.79
4,10.01
5,7.59
6,10.32
7,17.2
8,17.77
9,18.9
10,21.46
11,20.65
12,22.04
13,22.88
14,23.1
15,21.99
16,21.59
17,19.65
18,17.83
19,15.01
20,12.35
21,11.54
22,9.39
23,9.83
0,7.46
1,4.33
2,7.36
3,6.86
4,9.28
5,13.11
6,14.82
7,14.83
8,17.03
9,19.39
10,19.76
11,22.7
12,20.56
13,23.55
14,21.41
15,23.19
16,22.21
17,19.77
18,19.07
19,15.93
20,13.39
21,9.81
22,8.82
23,7.55
0,7.47
1,7.78
2,7.25
3,8.23
4,10.09
5,11.63
6,12.04
7,15.09
8,15.55
9,19.29
10,19.82
11,20.43
12,21.62
13,22.77
14,23.47
15,22.45
16,20.9
17,18.8
18,17.34
19,13.27
20,14.54
21,9.58
22,8.06
23,9.25
0,8.38
1,5.28
2,7.75
3,7.65
4,9.53
5,10.78
6,11.91
7,15.38
8,15.57
9,18.63
10,21.22
11,21.12
12,22.32
13,22.28
14,23.21
15,21.08
16,20.16
17,18.99
18,17.0
19,13.77
20,14.52
21,11.27
22,10.62
23,7.1
0,5.96
1,8.68
2,7.99
3,8.56
4,8.59
5,9.18
6,12.72
7,17.59
8,18.05
9,19.51
10,22.77
11,23.03
12,23.17
13,25.16
14,21.11
15,21.66
16,19.92
17,19.31
18,16.89
19,13.3
20,14.11
21,9.36
22,10.02
23,7.79
0,5.72
1,5.16
2,6.35
3,9.75
4,8.7
5,10.2
6,13.4
7,15.42
8,17.48
9,19.26
10,20.73
11,20.98
12,23.12
13,21.63
14,22.2
15,21.84
16,21.31
17,18.07
18,17.57
19,13.39
20,13.43
21,11.39
22,9.37
23,5.94
0,7.8
1,6.44
2,6.02
3,7.97
4,9.93
5,11.46
6,12.42
7,14.38
8,17.37
9,20.39
10,20.04
11,22.52
12,22.73
13,23.5
14,22.07
15,22.52
16,21.65
17,19.39
18,15.5
19,14.16
20,14.18
21,9.94
22,11.41
23,6.59
0,5.91
1,7.87
2,7.26
3,7.52
4,8.29
5,9.58
6,12.93
7,14.79
8,16.79
9,18.43
10,21.46
11,22.39
12,24.91
13,22.67
14,23.2
15,20.46
16,19.87
17,18.2
18,19.16
19,14.2
20,11.08
21,13.19
22,10.96
23,7.48
0,9.33
1,6.3
2,8.67
3,9.92
4,10.51
5,10.03
6,13.39
7,13.03
8,17.85
9,17.87
10,19.59
11,22.48
12,22.56
13,23.99
14,22.74
15,23.45
16,22.91
17,19.16
18,18.17
19,15.56
20,14.19
21,9.89
22,9.24
23,6.91
0,8.39
1,9.22
2,10.86
3,7.91
4,8.85
5,9.59
6,12.12
7,14.24
8,17.38
9,17.94
10,22.37
11,21.68
12,21.09
13,22.96
14,23.65
15,20.73
16,20.72
17,20.2
18,17.66
19,13.21
20,10.26
21,12.49
22,8.89
23,7.32
0,6.98
1,9.42
2,5.88
3,8.8
4,9.52
5,8.74
6,12.9
7,13.93
8,15.62
9,18.69
10,20.45
11,23.96
12,23.07
13,23.02
14,22.14
15,21.56
16,20.13
17,19.14
18,16.78
19,12.97
20,13.06
21,11.32
22,9.86
23,7.8
0,8.03
1,6.63
2,6.19
3,7.67
4,9.86
5,11.01
6,13.05
7,15.24
8,18.95
9,22.74
10,21.81
11,22.67
12,21.13
13,23.84
14,20.79
15,22.24
16,20.12
17,19.14
18,16.48
19,14.66
20,14.49
21,12.69
22,8.76
23,8.13
0,8.31
1,6.41
2,7.42
3,8.8
4,10.53
5,11.61
6,13.41
7,13.92
8,18.36
9,19.65
10,20.29
11,20.46
12,22.01
13,22.77
14,22.55
15,22.72
16,21.32
17,19.38
18,17.17
19,13.35
20,15.29
21,10.58
22,9.31
23,9.29
0,6.08
1,8.46
2,7.42
3,10.4
4,9.92
5,10.69
6,12.46
7,17.0
8,17.1
9,18.62
10,17.8
11,22.3
12,24.25
13,21.03
14,22.65
15,21.75
16,19.9
17,20.03
18,18.01
19,12.77
20,13.99
21,11.04
22,11.33
23,8.93
0,6.37
1,7.09
2,8.72
3,7.39
4,8.89
5,10.96
6,15.05
7,15.84
8,16.97
9,19.42
10,19.67
11,23.53
12,22.33
13,23.1
14,23.22
15,22.23
16,22.34
17,18.89
18,15.32
19,14.99
20,13.0
21,11.46
22,9.57
23,8.58
0,7.52
1,7.27
2,6.79
3,10.6
4,9.83
5,10.42
6,13.14
7,12.88
8,18.45
9,15.29
10,22.86
11,20.43
12,21.1
13,22.3
14,22.63
15,22.24
16,20.97
17,20.01
18,16.24
19,12.62
20,14.33
21,12.34
22,8.8
23,9.47
0,6.41
1,8.69
2,5.04
3,9.26
4,8.03
5,9.89
6,12.36
7,15.8
8,16.25
9,21.36
10,19.93
11,23.75
12,23.42
13,21.2
14,22.38
15,22.64
16,18.91
17,19.3
18,17.61
19,14.65
20,11.2
21,11.16
22,8.25
23,7.47
0,8.19
1,7.66
2,7.73
3,7.47
4,8.8
5,10.48
6,12.15
7,16.4
8,17.32
9,18.84
10,21.09
11,22.68
12,22.52
13,23.51
14,23.01
15,22.21
16,22.48
17,20.17
18,18.45
19,14.25
20,13.8
21,12.42
22,10.58
23,8.95
0,8.29
1,5.52
2,6.56
3,9.14
4,10.8
5,11.15
6,13.1
7,13.37
8,15.36
9,20.69
10,20.3
11,18.46
12,22.07
13,20.82
14,22.34
15,21.89
16,21.78
17,19.32
18,17.16
19,16.58
20,15.11
21,12.22
22,8.52
23,7.79
0,6.62
1,5.04
2,6.31
3,7.08
4,6.51
5,11.46
6,13.77
7,13.26
8,18.17
9,18.12
10,18.83
11,21.35
12,20.71
13,24.29
14,22.95
15,23.22
16,19.77
17,20.16
18,16.18
19,14.5
20,12.14
21,12.42
22,9.51
23,9.63
0,6.43
1,6.93
2,5.51
3,7.07
4,10.17
5,11.55
6,14.05
7,14.15
8,15.09
9,19.89
10,18.73
11,21.66
12,22.4
13,24.15
14,20.67
15,20.5
16,21.5
17,18.26
18,18.54
19,16.55
20,13.18
21,11.44
22,8.07
23,11.3
0,6.94
1,4.88
2,6.53
3,7.96
4,10.84
5,10.75
6,13.76
7,13.69
8,15.9
9,20.48
10,21.89
11,21.81
12,21.72
13,23.37
14,21.97
15,24.59
16,20.27
17,19.62
18,14.77
19,17.87
20,13.0
21,12.05
22,9.02
23,8.55
0,6.41
1,5.46
2,8.72
3,9.83
4,9.66
5,11.58
6,13.2
7,15.14
8,17.47
9,18.73
10,18.44
11,22.47
12,22.12
13,22.88
14,21.1
15,21.36
16,21.54
17,20.02
18,17.22
19,15.86
20,12.8
21,8.92
22,10.02
23,10.05
0,5.19
1,5.55
2,6.4
3,7.74
4,9.1
5,13.36
6,13.2
7,13.17
8,16.22
9,19.05
10,20.11
11,24.09
12,24.68
13,22.13
14,23.76
15,21.52
16,21.03
17,15.8
18,16.52
19,13.96
20,14.46
21,11.53
22,8.87
23,8.01
